id,brand,name,category,subcategory,has_cover_image,qty_in_stock,discontinued
1148,"2025","2025 LUXURY CUSTOMIZED PACKAGING PAPER BOX SUNGLASSES CASE CUSTOM LOGO EYE GLASSES CASE LEATHER CUSTOMIZATION STORAGE CASE BAG","OTHERS","CHINA TOILETRIES",yes,0,no
1037,"2026","2026 LATEST TRENDY ACETATE OPTICAL FRAMES FOR UNISEX","OTHERS","CHINA TOILETRIES",yes,0,no
1044,"3","3 MEN'S HANDKERCHIEF PACKED","OTHERS","CHINA TOILETRIES",yes,60,no
1052,"3","3 PACK BATH SPONGES","OTHERS","CHINA TOILETRIES",yes,120,no
1045,"3","3 WOMEN'S HANDKERCHIEF PACKED","OTHERS","CHINA TOILETRIES",yes,0,no
1146,"30ML","30ML CLEANING KIT SPRAY EYEGLASSES DIGITAL DEVICE LENS CLEANER SUITABLE FOR DIGITAL SCREEN PP ENVIRONMENTAL FRIENDLY","OTHERS","CHINA TOILETRIES",yes,0,no
201,"360","360 PERFECT CUP 12M+","BABY RANGE","BABY BOTTLES & OTHER DINNING UTENSILS",yes,0,no
1069,"4","4 PLY COMFORTABLE POCKET TISSUE HANDKERCHIEF PAPER POCKET FACIAL TISSUES WITH MENTHOL & EUCALYPTOL B/10","OTHERS","CHINA TOILETRIES",yes,10000,no
1075,"5D","5D WHITE TEETH WHITENING STRIPS (56 STRIPS, 14 DAYS)","OTHERS","CHINA TOILETRIES",yes,100,no
1116,"8PCS","8PCS DENTAL TOOLS PORTABLE ORTHODONTIC TOOTHBRUSH KIT TOOTHBRUSH BOX ORAL CARE KIT DENTAL TRAVEL KIT","OTHERS","CHINA TOILETRIES",yes,0,no
1113,"A","A+ ADULT SOFT TOOTHBRUSH","OTHERS","CHINA TOILETRIES",yes,0,no
1074,"ABSORBENT","ABSORBENT COTTON ABERSORBED WOOL ROLL FOR MEDICAL USE (500G, 100G, 50G)","OTHERS","CHINA TOILETRIES",yes,500,no
1017,"ACETATE","ACETATE AVIATOR SUNGLASSES SUPPLIER - RETRO STYLE HIGH-QUALITY ACETATE MATERIAL","OTHERS","CHINA TOILETRIES",yes,0,no
1008,"ACETATE","ACETATE CAT EYE EYEWEAR SUPPLIER - MODERN STYLE HIGH-QUALITY ACETATE MATERIAL","OTHERS","CHINA TOILETRIES",yes,0,no
1011,"ACETATE","ACETATE CAT EYE SUNGLASSES MANUFACTURER - FASHION HAND-MADE","OTHERS","CHINA TOILETRIES",yes,0,no
1006,"ACETATE","ACETATE CLIP-ON SUNGLASSES – MAGNETIC CLIP FRAME FOR MEN","OTHERS","CHINA TOILETRIES",yes,0,no
1031,"ACETATE","ACETATE SQUARE OPTICAL SPECTACLE FRAMES FOR MEN","OTHERS","CHINA TOILETRIES",yes,0,no
1010,"ACETATE","ACETATE SQUARE SUNGLASSES MANUFACTURER - PREMIUM ACETATE MATERIAL DURABLE","OTHERS","CHINA TOILETRIES",yes,0,no
1051,"ADJASTABLE","ADJASTABLE CANE","OTHERS","CHINA TOILETRIES",yes,60,no
1087,"ADULT","ADULT SOFT BRISTLE TOOTHBRUSH WITH RUBBER GRIP","OTHERS","CHINA TOILETRIES",yes,500,no
1086,"ADULT","ADULT TOOTHBRUSH WITH THUMB GRIP 6PCS","OTHERS","CHINA TOILETRIES",yes,10000,no
376,"ALWAYS","ALWAYS MAXI LONG AVEC AILETTES 18 SERVIETTES","MOTHER & LADY RANGE","FEMININE INTIMATE CARE TOILETRIES",yes,0,no
930,"AMPRO","AMPRO BETTER BRAIDS BRAID SPRAY 12OZ","HAIRCARE PRODUCTS & ACCESSORIES","HAIRCARE PRODUCTS & ACCESSORIES",yes,0,no
931,"AMPRO","AMPRO SHINE N JAM BLUE TANSY VIT DROPS 4OZ","HAIRCARE PRODUCTS & ACCESSORIES","HAIRCARE PRODUCTS & ACCESSORIES",yes,0,no
932,"AMPRO","AMPRO SHINE N JAM ROSEMARY OLIVE STRENGTHENING DROPS 4OZ","HAIRCARE PRODUCTS & ACCESSORIES","HAIRCARE PRODUCTS & ACCESSORIES",yes,0,no
933,"AMPRO","AMPRO SHINE N JAM WITCH HAZEL THERAPEUTIC RENEWAL DROPS 4OZ","HAIRCARE PRODUCTS & ACCESSORIES","HAIRCARE PRODUCTS & ACCESSORIES",yes,0,no
1139,"ANNO","ANNO SURGICAL CLOGS (BLUE)","OTHERS","CHINA TOILETRIES",yes,0,no
1138,"ANNO","ANNO SURGICAL CLOGS (TEAL)","OTHERS","CHINA TOILETRIES",yes,0,no
302,"ANTIMOSQUITO","ANTI-MOSQUITO ULTRASOUND PLUG","BABY RANGE","BABY COSMETICS & BABY SKINCARE PRODUCTS",yes,0,no
12,"APTAMIK","APTAMIK FIRST MILK 0-6 MONTHS 800G","BABY RANGE","BABY MILK POWDER",yes,0,no
39,"APTAMIL","APTAMIL CREAMED BANANA PORRIDGE 4-6","BABY RANGE","BABY FOOD & CEREALS",yes,0,no
13,"APTAMIL","APTAMIL FOLLOW-ON MILK 6-12 MONTHS 800G","BABY RANGE","BABY MILK POWDER",yes,0,no
14,"APTAMIL","APTAMIL GROWING UP MILK 1YR+ 800G","BABY RANGE","BABY MILK POWDER",yes,0,no
79,"AQUAFRESH","AQUAFRESH  JUNIOR BIG TEETH  TOOTHPASTE 50ML","BABY RANGE","BABY ORAL-CARE & HEALTH-CARE PRODUCTS",yes,0,no
78,"AQUAFRESH","AQUAFRESH  KIDS LTTLE TEETH TOOTHPASTE 50ML","BABY RANGE","BABY ORAL-CARE & HEALTH-CARE PRODUCTS",yes,0,no
77,"AQUAFRESH","AQUAFRESH BABY MILK TEETH TOOTHPASTE 50ML","BABY RANGE","BABY ORAL-CARE & HEALTH-CARE PRODUCTS",yes,0,no
679,"ARM&HAMMER","ARM&HAMMER 100% NATURAL BACKING SODA 250G","FOOD RANGE & DIETS & FOOD SUPPLEMENTS","CANDEREL REFILL PACK 5*100 TABLE SACHETS",yes,0,no
703,"ARM&HAMMER","ARM&HAMMER SENSITIVE TOOTHPASTE 75ML","ORAL CARE & ACCESSORIES","ORAL CARE & ACCESSORIES",yes,0,no
926,"AS","AS I AM CLASSIC DOUBLE BUTTER CREAM 16OZ","HAIRCARE PRODUCTS & ACCESSORIES","HAIRCARE PRODUCTS & ACCESSORIES",yes,0,no
918,"AS","AS I AM CLASSIC DOUBLE BUTTER CREAM 8OZ","HAIRCARE PRODUCTS & ACCESSORIES","HAIRCARE PRODUCTS & ACCESSORIES",yes,0,no
927,"AS","AS I AM CLASSIC LEAVE-IN CONDITIONER 8OZ","HAIRCARE PRODUCTS & ACCESSORIES","HAIRCARE PRODUCTS & ACCESSORIES",yes,0,no
919,"AS","AS I AM CLASSIC MOISTURE MILK 8OZ","HAIRCARE PRODUCTS & ACCESSORIES","HAIRCARE PRODUCTS & ACCESSORIES",yes,0,no
920,"AS","AS I AM DRY & ITCHY SHAMPOO EU 12OZ","HAIRCARE PRODUCTS & ACCESSORIES","HAIRCARE PRODUCTS & ACCESSORIES",yes,0,no
898,"AS","AS I AM DRY&ITCHY SCALP CARE LEAVE IN CONDITIONER 8 OZ","HAIRCARE PRODUCTS & ACCESSORIES","HAIRCARE PRODUCTS & ACCESSORIES",yes,0,no
917,"AS","AS I AM DRY&ITCHY SCALP CARE OIL TREATMENT 4 OZ","HAIRCARE PRODUCTS & ACCESSORIES","HAIRCARE PRODUCTS & ACCESSORIES",yes,0,no
928,"AS","AS I AM JAMAICAN BLACK CASTOR OIL MOISTURIZING MASQUE 8OZ","HAIRCARE PRODUCTS & ACCESSORIES","HAIRCARE PRODUCTS & ACCESSORIES",yes,0,no
925,"AS","AS I AM JAMAICAN BLACK CASTOR OIL SMOOTHIE 16OZ","HAIRCARE PRODUCTS & ACCESSORIES","HAIRCARE PRODUCTS & ACCESSORIES",yes,0,no
924,"AS","AS I AM JAMAICAN BLACK CASTOR OIL WATER EU 16OZ","HAIRCARE PRODUCTS & ACCESSORIES","HAIRCARE PRODUCTS & ACCESSORIES",yes,0,no
929,"AS","AS I AM JAMAICAN CASTOR OIL CONDITIONER 12OZ","HAIRCARE PRODUCTS & ACCESSORIES","HAIRCARE PRODUCTS & ACCESSORIES",yes,0,no
923,"AS","AS I AM JAMAICAN CASTOR OIL SHAMPOO 12OZ","HAIRCARE PRODUCTS & ACCESSORIES","HAIRCARE PRODUCTS & ACCESSORIES",yes,0,no
899,"AS","AS I AM JBCO RICE WATER 16 OZ","HAIRCARE PRODUCTS & ACCESSORIES","HAIRCARE PRODUCTS & ACCESSORIES",yes,0,no
894,"AS","AS I AM JBCO SMOOTHIE 16 OZ","HAIRCARE PRODUCTS & ACCESSORIES","HAIRCARE PRODUCTS & ACCESSORIES",yes,0,no
895,"AS","AS I AM LONG & LUX SCALP SERUM 2 OZ","HAIRCARE PRODUCTS & ACCESSORIES","HAIRCARE PRODUCTS & ACCESSORIES",yes,0,no
922,"AS","AS I AM LONG & LUXE SCALP SERUM EU 2OZ","HAIRCARE PRODUCTS & ACCESSORIES","HAIRCARE PRODUCTS & ACCESSORIES",yes,0,no
892,"AS","AS I AM LONG&LUXE GRO HAIR OIL 4 OZ","HAIRCARE PRODUCTS & ACCESSORIES","HAIRCARE PRODUCTS & ACCESSORIES",yes,0,no
896,"AS","AS I AM LONG&LUXE GROYOGURT 8 OZ","HAIRCARE PRODUCTS & ACCESSORIES","HAIRCARE PRODUCTS & ACCESSORIES",yes,0,no
897,"AS","AS I AM LONG&LUXE STRENGTHENING CONDITIONER 12 OZ","HAIRCARE PRODUCTS & ACCESSORIES","HAIRCARE PRODUCTS & ACCESSORIES",yes,0,no
893,"AS","AS I AM LONG&LUXE STRENGTHENING SHAMPOO 12 OZ","HAIRCARE PRODUCTS & ACCESSORIES","HAIRCARE PRODUCTS & ACCESSORIES",yes,0,no
921,"AS","AS I AM RICE WATER CONDITIONER 8OZ","HAIRCARE PRODUCTS & ACCESSORIES","HAIRCARE PRODUCTS & ACCESSORIES",yes,0,no
916,"AS","AS I AM RICE WATER SPRAY 16OZ","HAIRCARE PRODUCTS & ACCESSORIES","HAIRCARE PRODUCTS & ACCESSORIES",yes,0,no
184,"AVENT","AVENT NEWBORN GIFT SET","BABY RANGE","BABY BOTTLES & OTHER DINNING UTENSILS",yes,0,no
352,"Always","Always pantyliner Long 16'","MOTHER & LADY RANGE","FEMININE INTIMATE CARE TOILETRIES",yes,0,no
353,"Always","Always pantyliner Long 54'","MOTHER & LADY RANGE","FEMININE INTIMATE CARE TOILETRIES",yes,0,no
150,"BABE","BABE  GROW BABY BOTTLE 150 ML","BABY RANGE","BABY BOTTLES & OTHER DINNING UTENSILS",yes,0,no
183,"BABE","BABE BABY CUP","BABY RANGE","BABY BOTTLES & OTHER DINNING UTENSILS",yes,2,no
180,"BABE","BABE BIBERON 250 ML","BABY RANGE","BABY BOTTLES & OTHER DINNING UTENSILS",no,5,no
152,"BABE","BABE PPU  BABY BOTTLE 330 ML","BABY RANGE","BABY BOTTLES & OTHER DINNING UTENSILS",yes,0,no
151,"BABE","BABE PPU BABY BOTTLE 240 ML","BABY RANGE","BABY BOTTLES & OTHER DINNING UTENSILS",yes,0,no
174,"BABE","BABE TEATINE","BABY RANGE","BABY BOTTLES & OTHER DINNING UTENSILS",no,33,no
84,"BABE","BABE  GROW BABY BOTTLE 150 ML","BABY RANGE","BABY ORAL-CARE & HEALTH-CARE PRODUCTS",yes,0,no
82,"BABE","BABE ELECTRIC NASAL ASPIRATOR","BABY RANGE","BABY ORAL-CARE & HEALTH-CARE PRODUCTS",yes,0,no
81,"BABE","BABE MANUAL NASAL ASPIRATOR","BABY RANGE","BABY ORAL-CARE & HEALTH-CARE PRODUCTS",yes,0,no
86,"BABE","BABE PPU  BABY BOTTLE 330 ML","BABY RANGE","BABY ORAL-CARE & HEALTH-CARE PRODUCTS",yes,0,no
85,"BABE","BABE PPU BABY BOTTLE 240 ML","BABY RANGE","BABY ORAL-CARE & HEALTH-CARE PRODUCTS",yes,0,no
315,"BABE","BABE SILCONE NIPPLE SHIELD","MOTHER & LADY RANGE","PREGNANT & BREASTFIDING MOTHER",yes,264,no
179,"BABY","BABY KING CEREAL FEEDER","BABY RANGE","BABY BOTTLES & OTHER DINNING UTENSILS",yes,0,no
76,"BABY","BABY FINGER TOOTHBRUSH","BABY RANGE","BABY ORAL-CARE & HEALTH-CARE PRODUCTS",yes,0,no
89,"BABY","BABY NAIL CLIPPER","BABY RANGE","BABY ORAL-CARE & HEALTH-CARE PRODUCTS",yes,0,no
96,"BABY","BABY NASAL ASPIRATOR","BABY RANGE","BABY ORAL-CARE & HEALTH-CARE PRODUCTS",yes,0,no
645,"BABY","BABY HALER DEVICES","MEDICAL DEVICES & HOSPITAL NEEDS","OTHER MEDICAL DEVICES & PARAPHARMACEUTICALS",no,0,no
1066,"BABY","BABY CARE FACTORY HAIR COMB SOFT PLASTIC PP NYLON COMBS FOR SENSITIVE SCALP CUTE DESIGN FOR BABY GROOMING","OTHERS","CHINA TOILETRIES",yes,10000,no
1108,"BABY","BABY ELECTR TOOTHBRUSH WITH 5 HEAD OF REPLACEMENT","OTHERS","CHINA TOILETRIES",yes,0,no
1130,"BABY","BABY FEEDER","OTHERS","CHINA TOILETRIES",yes,0,no
1133,"BABY","BABY HAIR & BRUSH SET","OTHERS","CHINA TOILETRIES",yes,0,no
1110,"BABY","BABY TOOTHBRUSH 0-2 YEARS","OTHERS","CHINA TOILETRIES",yes,0,no
1114,"BABY","BABY TOOTHBRUSH 0-2 YEARS TWIN PACK","OTHERS","CHINA TOILETRIES",yes,0,no
1127,"BABY","BABY TRANING CUPS","OTHERS","CHINA TOILETRIES",yes,0,no
1048,"BACK","BACK REST CAR SEAT LUMBAR CHAIR","OTHERS","CHINA TOILETRIES",yes,60,no
326,"BAODA","BAODA BREAST PADS","MOTHER & LADY RANGE","PREGNANT & BREASTFIDING MOTHER",yes,0,no
309,"BAODA","BAODA BREAST PADS 60 PACK","MOTHER & LADY RANGE","PREGNANT & BREASTFIDING MOTHER",yes,0,no
314,"BAODA","BAODA ELECTRIC BREAST PUMP","MOTHER & LADY RANGE","PREGNANT & BREASTFIDING MOTHER",yes,0,no
313,"BAODA","BAODA MANUAL BREAST PUMP","MOTHER & LADY RANGE","PREGNANT & BREASTFIDING MOTHER",yes,0,no
251,"BEABA","BEABA ERGONOMIC SILICONE SPOONS 4PK EUCALYPTUS","BABY RANGE","BABY BOTTLES & OTHER DINNING UTENSILS",yes,0,no
117,"BEBECONFORT","BEBECONFORT SET OF 3 TOOTHBRUSHES","BABY RANGE","BABY ORAL-CARE & HEALTH-CARE PRODUCTS",yes,0,no
515,"BEPANTHENE","BEPANTHENE LIQUID SOAP 400ML","PERSONAL CARE & HYGIENICS","PERSONAL CARE & HYGIENICS",yes,26,no
1124,"BEST","BEST MICROFIBER GLASSES CAMERA LENS CLEANING CLOTH FOR SPECS, CUSTOM EYE GLASSES SUNGLASSES CLEANING CLOTH WITH ENVELOPE","OTHERS","CHINA TOILETRIES",yes,0,no
357,"BETADINE","BETADINE  ANTI-BACTERIAL INTIMATE WASH  200ML","MOTHER & LADY RANGE","FEMININE INTIMATE CARE TOILETRIES",yes,0,no
361,"BETADINE","BETADINE  ANTI-BACTERIAL INTIMATE WIPES  10/PACK","MOTHER & LADY RANGE","FEMININE INTIMATE CARE TOILETRIES",yes,0,no
356,"BETADINE","BETADINE INTIMATE WASH DAILY GENTLE 200ML","MOTHER & LADY RANGE","FEMININE INTIMATE CARE TOILETRIES",yes,0,no
354,"BETADINE","BETADINE INTIMATE WASH ODOR BLOC 200ML","MOTHER & LADY RANGE","FEMININE INTIMATE CARE TOILETRIES",yes,0,no
355,"BETADINE","BETADINE INTIMATE WASH PH BALANCED  200ML","MOTHER & LADY RANGE","FEMININE INTIMATE CARE TOILETRIES",yes,0,no
360,"BETADINE","BETADINE INTIMATE WIPES DAILY GENTLE 10/PACK","MOTHER & LADY RANGE","FEMININE INTIMATE CARE TOILETRIES",yes,0,no
358,"BETADINE","BETADINE INTIMATE WIPES ODOR BLOC 10/PACK","MOTHER & LADY RANGE","FEMININE INTIMATE CARE TOILETRIES",yes,0,no
359,"BETADINE","BETADINE INTIMATE WIPES PH BALANCED  10/PACK","MOTHER & LADY RANGE","FEMININE INTIMATE CARE TOILETRIES",yes,0,no
384,"BIC","BIC NORMAL RAZOR","FATHER CARE & GROOMING","FATHER CARE & GROOMING",yes,0,no
383,"BIC","BIC SENSITIVE RAZOR","FATHER CARE & GROOMING","FATHER CARE & GROOMING",yes,0,no
509,"BIC","BIC TWIN LADY RAZOR","PERSONAL CARE & HYGIENICS","PERSONAL CARE & HYGIENICS",yes,0,no
1050,"BLIND","BLIND CANE BLIND SUPPLIES 4 SECTIONS ALUMINUM ALLOY BLIND CANE FOLDING BLIND CANE, LENGTH 123 CM VISUALLY IMPAIRED SUPPLIES","OTHERS","CHINA TOILETRIES",yes,60,no
597,"BLOC","BLOC OPEN GREEN 38","MEDICAL DEVICES & HOSPITAL NEEDS","MEDICAL (DOCTOR'S & NURSES) SHOES CLOG & BLOCK",yes,1,no
598,"BLOC","BLOC OPEN GREEN 39","MEDICAL DEVICES & HOSPITAL NEEDS","MEDICAL (DOCTOR'S & NURSES) SHOES CLOG & BLOCK",yes,0,no
599,"BLOC","BLOC OPEN NAVY BLUE 45","MEDICAL DEVICES & HOSPITAL NEEDS","MEDICAL (DOCTOR'S & NURSES) SHOES CLOG & BLOCK",yes,1,no
601,"BLOC","BLOC OPEN WHITE 38","MEDICAL DEVICES & HOSPITAL NEEDS","MEDICAL (DOCTOR'S & NURSES) SHOES CLOG & BLOCK",yes,8,no
600,"BLOC","BLOC OPEN WHITE 39","MEDICAL DEVICES & HOSPITAL NEEDS","MEDICAL (DOCTOR'S & NURSES) SHOES CLOG & BLOCK",yes,1,no
603,"BLOC","BLOC OPEN WHITE 44","MEDICAL DEVICES & HOSPITAL NEEDS","MEDICAL (DOCTOR'S & NURSES) SHOES CLOG & BLOCK",yes,0,no
602,"BLOC","BLOC OPEN WHITE 45","MEDICAL DEVICES & HOSPITAL NEEDS","MEDICAL (DOCTOR'S & NURSES) SHOES CLOG & BLOCK",yes,9,no
1055,"BODY","BODY BATH SPONGE WITH HANDLE","OTHERS","CHINA TOILETRIES",yes,0,no
1034,"BOLD","BOLD ACETATE EYEWEAR HOT SELLING GLASSES FOR WOMEN","OTHERS","CHINA TOILETRIES",yes,0,no
1015,"BOLD","BOLD ACETATE SUNGLASSES SQUARE SHAPE FOR MEN","OTHERS","CHINA TOILETRIES",yes,0,no
1040,"BOLD","BOLD PLASTIC OPTICAL FRAMES LUXURY STYLE FOR UNISEX","OTHERS","CHINA TOILETRIES",yes,0,no
380,"BORD","BORD TRIPLE BLADE  RAZOR","FATHER CARE & GROOMING","FATHER CARE & GROOMING",yes,60,no
191,"BOTTLE","BOTTLE BRUSH 3 IN 1","BABY RANGE","BABY BOTTLES & OTHER DINNING UTENSILS",yes,0,no
1128,"BPA","BPA FREE BABY SPOON BOTTLE FEEDER DROPPER SILICONE","OTHERS","CHINA TOILETRIES",yes,0,no
1132,"BREAST","BREAST PADS 100 PIECES","OTHERS","CHINA TOILETRIES",yes,0,no
175,"BUDDEES","BUDDEES  WATER  FILLED TEETHER","BABY RANGE","BABY BOTTLES & OTHER DINNING UTENSILS",yes,96,no
683,"CANDEREL","CANDEREL DELIGHTFUL SWEET TASTE 75G BOTTLE","FOOD RANGE & DIETS & FOOD SUPPLEMENTS","CANDEREL REFILL PACK 5*100 TABLE SACHETS",yes,0,no
680,"CANDEREL","CANDEREL DIABETIC SUGAR B/100","FOOD RANGE & DIETS & FOOD SUPPLEMENTS","CANDEREL REFILL PACK 5*100 TABLE SACHETS",yes,0,no
675,"CANDEREL","CANDEREL GRANULAR LOW CALORI SWEETENER 75G","FOOD RANGE & DIETS & FOOD SUPPLEMENTS","CANDEREL REFILL PACK 5*100 TABLE SACHETS",yes,0,no
1033,"CAT","CAT EYE ACETATE EYEWEAR EXECUTIVE FRAMES FOR WOMEN","OTHERS","CHINA TOILETRIES",yes,0,no
1003,"CAT","CAT EYE CLIP-ON SUNGLASSES – MAGNETIC CLIP ACETATE FRAMES FOR LADY","OTHERS","CHINA TOILETRIES",yes,0,no
1035,"CAT","CAT EYE LUXURY ACETATE EYEWEAR FASHION GLASSES FOR LADY","OTHERS","CHINA TOILETRIES",yes,0,no
25,"CERELAC","CERELAC BANANA 200G","BABY RANGE","BABY FOOD & CEREALS",yes,0,no
24,"CERELAC","CERELAC BANANA 500G","BABY RANGE","BABY FOOD & CEREALS",yes,0,no
27,"CERELAC","CERELAC MIXED FRUIT 200G","BABY RANGE","BABY FOOD & CEREALS",yes,0,no
23,"CERELAC","CERELAC REGUAL WHEAT 1KG","BABY RANGE","BABY FOOD & CEREALS",yes,0,no
21,"CERELAC","CERELAC REGULAR WHEAT 200G","BABY RANGE","BABY FOOD & CEREALS",yes,0,no
22,"CERELAC","CERELAC REGULAR WHEAT 500G","BABY RANGE","BABY FOOD & CEREALS",yes,0,no
26,"CERELAC","CERELAC TROPICAL FRUIT 200G","BABY RANGE","BABY FOOD & CEREALS",yes,0,no
1120,"CERTIFIED","CERTIFIED ALCOHOL PADS DISPOSABLE NON WOVEN 70% ISOPROPYL ALCOHOL PREP PADS","OTHERS","CHINA TOILETRIES",yes,0,no
1125,"CHEAPER","CHEAPER PRICE HIGH QUALITY EYEGLASSES CLEANING WIPES CELL PHONE TISSUE TOWEL ANTI FOG WIPES LENS GLASSES SCREEN WET WIPES","OTHERS","CHINA TOILETRIES",yes,0,no
413,"CHERRY","CHERRY COTTON PADS","COSMETICS & SKIN CARE RPDUCTS","FACE CARE",yes,144,no
143,"CHICCO","CHICCO BABY STARTING LARGE SET","BABY RANGE","BABY BOTTLES & OTHER DINNING UTENSILS",yes,32,no
141,"CHICCO","CHICCO NATURAL FEELING BIBERON 250ML","BABY RANGE","BABY BOTTLES & OTHER DINNING UTENSILS",yes,68,no
140,"CHICCO","CHICCO NATURAL FEELING BIBERON 330ML","BABY RANGE","BABY BOTTLES & OTHER DINNING UTENSILS",yes,70,no
145,"CHICCO","CHICCO SOOTHING PACIFIER 6-18M","BABY RANGE","BABY BOTTLES & OTHER DINNING UTENSILS",yes,12,no
202,"CHICCO","CHICCO SPORT CUP 14M+","BABY RANGE","BABY BOTTLES & OTHER DINNING UTENSILS",yes,0,no
199,"CHICCO","CHICCO SYSTEM EASY MEAL 6M+","BABY RANGE","BABY BOTTLES & OTHER DINNING UTENSILS",yes,0,no
149,"CHICCO","CHICCO TEAT 0M+","BABY RANGE","BABY BOTTLES & OTHER DINNING UTENSILS",yes,43,no
170,"CHICCO","CHICCO TEAT 0M+","BABY RANGE","BABY BOTTLES & OTHER DINNING UTENSILS",yes,43,no
169,"CHICCO","CHICCO TEAT 2 M+","BABY RANGE","BABY BOTTLES & OTHER DINNING UTENSILS",yes,14,no
148,"CHICCO","CHICCO TEAT 2 M+","BABY RANGE","BABY BOTTLES & OTHER DINNING UTENSILS",yes,14,no
168,"CHICCO","CHICCO TEAT 4M+","BABY RANGE","BABY BOTTLES & OTHER DINNING UTENSILS",yes,19,no
147,"CHICCO","CHICCO TEAT 4M+","BABY RANGE","BABY BOTTLES & OTHER DINNING UTENSILS",yes,19,no
167,"CHICCO","CHICCO TEAT 6M+","BABY RANGE","BABY BOTTLES & OTHER DINNING UTENSILS",yes,24,no
146,"CHICCO","CHICCO TEAT 6M+","BABY RANGE","BABY BOTTLES & OTHER DINNING UTENSILS",yes,24,no
198,"CHICCO","CHICCO TEAT WELL BEING MEDIUM FLOW 0M+","BABY RANGE","BABY BOTTLES & OTHER DINNING UTENSILS",yes,0,no
192,"CHICCO","CHICCO WARMY PLATE NEUTRAL MULTICOLOR PLASTIC","BABY RANGE","BABY BOTTLES & OTHER DINNING UTENSILS",yes,0,no
189,"CHICCO","CHICCO WELL BEING FEEDING BOTTLE 150ML BIPACK 0M+","BABY RANGE","BABY BOTTLES & OTHER DINNING UTENSILS",yes,0,no
187,"CHICCO","CHICCO WELL BEING FEEDING BOTTLE 2-PACK 250ML 2M+","BABY RANGE","BABY BOTTLES & OTHER DINNING UTENSILS",yes,0,no
186,"CHICCO","CHICCO WELL BEING FEEDING BOTTLE 250ML FAST FLOW 4M+","BABY RANGE","BABY BOTTLES & OTHER DINNING UTENSILS",yes,0,no
190,"CHICCO","CHICCO WELL BEING FEEDING BOTTLE 250ML MEDIUM FLOW 2M+","BABY RANGE","BABY BOTTLES & OTHER DINNING UTENSILS",yes,0,no
188,"CHICCO","CHICCO WELL BEING FEEDING COMBO 330ML BOTTLE + FAST FLOW 4M+ TEAT","BABY RANGE","BABY BOTTLES & OTHER DINNING UTENSILS",yes,0,no
197,"CHICCO","CHICCO WELL BEING PP FEEDING BOTTLE, LOVE, 250ML, 3 PACK","BABY RANGE","BABY BOTTLES & OTHER DINNING UTENSILS",yes,0,no
298,"CHICCO","CHICCO ANTI-MOSQUITO SPRAY FOR BABIES","BABY RANGE","BABY COSMETICS & BABY SKINCARE PRODUCTS",yes,0,no
291,"CHICCO","CHICCO BABY BAR SOAP","BABY RANGE","BABY COSMETICS & BABY SKINCARE PRODUCTS",yes,0,no
297,"CHICCO","CHICCO BABY BRUSH","BABY RANGE","BABY COSMETICS & BABY SKINCARE PRODUCTS",yes,0,no
299,"CHICCO","CHICCO BABY MOMENT NAPPY CREAM 4 IN 1 200ML","BABY RANGE","BABY COSMETICS & BABY SKINCARE PRODUCTS",yes,0,no
286,"CHICCO","CHICCO BABY SHAMPOO 500ML","BABY RANGE","BABY COSMETICS & BABY SKINCARE PRODUCTS",yes,7,no
287,"CHICCO","CHICCO BODY LOTION 500ML LIGHT 97%","BABY RANGE","BABY COSMETICS & BABY SKINCARE PRODUCTS",yes,3,no
288,"CHICCO","CHICCO BODY LOTION CREAM 500ML 82%","BABY RANGE","BABY COSMETICS & BABY SKINCARE PRODUCTS",yes,82,no
289,"CHICCO","CHICCO MASSAGE OIL 200ML","BABY RANGE","BABY COSMETICS & BABY SKINCARE PRODUCTS",yes,24,no
290,"CHICCO","CHICCO NAPY CREAM 100ML","BABY RANGE","BABY COSMETICS & BABY SKINCARE PRODUCTS",yes,12,no
283,"CHICCO","CHICCO COTTON MAYMICA BABY CARRIER BLACK","BABY RANGE","BABY DIAPERING & ACCESSORIES PRODUCTS",yes,0,no
106,"CHICCO","CHICCO BABY NOSE DECONGESTER","BABY RANGE","BABY ORAL-CARE & HEALTH-CARE PRODUCTS",yes,0,no
80,"CHICCO","CHICCO BATH THERMOMETER","BABY RANGE","BABY ORAL-CARE & HEALTH-CARE PRODUCTS",yes,0,no
88,"CHICCO","CHICCO BATH THERMOMETER","BABY RANGE","BABY ORAL-CARE & HEALTH-CARE PRODUCTS",yes,0,no
74,"CHICCO","CHICCO TOOTH PASTE 1-5Y","BABY RANGE","BABY ORAL-CARE & HEALTH-CARE PRODUCTS",yes,0,no
73,"CHICCO","CHICCO TOOTH PASTE 6-24M","BABY RANGE","BABY ORAL-CARE & HEALTH-CARE PRODUCTS",yes,0,no
320,"CHICCO","CHICCO BREAST PADS B/30","MOTHER & LADY RANGE","PREGNANT & BREASTFIDING MOTHER",yes,74,no
321,"CHICCO","CHICCO BREAST PADS B/60","MOTHER & LADY RANGE","PREGNANT & BREASTFIDING MOTHER",yes,209,no
330,"CHICCO","CHICCO CLEANSING BREAST WIPES 80PCS","MOTHER & LADY RANGE","PREGNANT & BREASTFIDING MOTHER",yes,0,no
331,"CHICCO","CHICCO MANUAL BREAST PUMP 0M+","MOTHER & LADY RANGE","PREGNANT & BREASTFIDING MOTHER",yes,0,no
319,"CHICCO","CHICCO NIPLE CREAM","MOTHER & LADY RANGE","PREGNANT & BREASTFIDING MOTHER",yes,0,no
318,"CHICCO","CHICCO NIPLE SHIELD","MOTHER & LADY RANGE","PREGNANT & BREASTFIDING MOTHER",yes,1,no
394,"CHOLESTEROLEASE","CHOLESTEROLEASE 30 SACHETS","DIETS & NATURAL REMEDY & FOOD SUPPLEMENTS","DIETS & NATURAL REMEDY & FOOD SUPPLEMENTS",yes,0,no
1005,"CLASSIC","CLASSIC CLIP-ON SUNGLASSES – MAGNETIC CLIP ACETATE FRAME FOR UNISEX","OTHERS","CHINA TOILETRIES",yes,0,no
613,"CLOG","CLOG 02 BLUE /WHITE EU 38/39","MEDICAL DEVICES & HOSPITAL NEEDS","MEDICAL (DOCTOR'S & NURSES) SHOES CLOG & BLOCK",yes,4,no
614,"CLOG","CLOG 03 WHITE /NAVY BLUE EU 43/44","MEDICAL DEVICES & HOSPITAL NEEDS","MEDICAL (DOCTOR'S & NURSES) SHOES CLOG & BLOCK",yes,0,no
615,"CLOG","CLOG 03 WHITE/ NAVY BLUE EU 39/40","MEDICAL DEVICES & HOSPITAL NEEDS","MEDICAL (DOCTOR'S & NURSES) SHOES CLOG & BLOCK",yes,1,no
611,"CLOG","CLOG 06 WHITE/GREEN EU 38/39","MEDICAL DEVICES & HOSPITAL NEEDS","MEDICAL (DOCTOR'S & NURSES) SHOES CLOG & BLOCK",yes,1,no
610,"CLOG","CLOG 06 WHITE/GREEN EU 39/40","MEDICAL DEVICES & HOSPITAL NEEDS","MEDICAL (DOCTOR'S & NURSES) SHOES CLOG & BLOCK",yes,0,no
609,"CLOG","CLOG 06 WHITE/GREEN EU 43/44","MEDICAL DEVICES & HOSPITAL NEEDS","MEDICAL (DOCTOR'S & NURSES) SHOES CLOG & BLOCK",yes,0,no
612,"CLOG","CLOG 06 WHITE/GREEN EU 45/46","MEDICAL DEVICES & HOSPITAL NEEDS","MEDICAL (DOCTOR'S & NURSES) SHOES CLOG & BLOCK",yes,0,no
605,"CLOG","CLOG 10 WHITE/WHITE EU 38/39","MEDICAL DEVICES & HOSPITAL NEEDS","MEDICAL (DOCTOR'S & NURSES) SHOES CLOG & BLOCK",yes,10,no
607,"CLOG","CLOG 10 WHITE/WHITE EU 39/40","MEDICAL DEVICES & HOSPITAL NEEDS","MEDICAL (DOCTOR'S & NURSES) SHOES CLOG & BLOCK",yes,7,no
604,"CLOG","CLOG 10 WHITE/WHITE EU 41/42","MEDICAL DEVICES & HOSPITAL NEEDS","MEDICAL (DOCTOR'S & NURSES) SHOES CLOG & BLOCK",yes,0,no
606,"CLOG","CLOG 10 WHITE/WHITE EU 43/44","MEDICAL DEVICES & HOSPITAL NEEDS","MEDICAL (DOCTOR'S & NURSES) SHOES CLOG & BLOCK",yes,1,no
608,"CLOG","CLOG 10 WHITE/WHITE EU 45/46","MEDICAL DEVICES & HOSPITAL NEEDS","MEDICAL (DOCTOR'S & NURSES) SHOES CLOG & BLOCK",yes,2,no
496,"COCORDE","COCORDE NAIL CLIPPER SINGLE","PERSONAL CARE & HYGIENICS","PERSONAL CARE & HYGIENICS",yes,60,no
92,"COLGETE","COLGETE BABY 0-2 YEARS TOOTHBRUSH ( SINGLE PACK/1)","BABY RANGE","BABY ORAL-CARE & HEALTH-CARE PRODUCTS",yes,72,no
93,"COLGETE","COLGETE KIDS 2-5 YEARS TOOTHBRUSH ( SINGLE PACK/1)","BABY RANGE","BABY ORAL-CARE & HEALTH-CARE PRODUCTS",yes,72,no
815,"COLOGATE","COLOGATE BABY TOOTHBRUSH 0-2YR B/1","ORAL CARE & ACCESSORIES","TOOTHBRUSH & FLOSS",yes,0,no
814,"COLOGATE","COLOGATE BABY TOOTHBRUSH 2-5YR B/1","ORAL CARE & ACCESSORIES","TOOTHBRUSH & FLOSS",yes,0,no
381,"CONCEIVE","CONCEIVE PLUS MEN'S FERTILITY SUPPORT","FATHER CARE & GROOMING","FATHER CARE & GROOMING",yes,9,no
324,"CONCEIVE","CONCEIVE PLUS PRENATAL FORMULA","MOTHER & LADY RANGE","PREGNANT & BREASTFIDING MOTHER",yes,39,no
325,"CONCEIVE","CONCEIVE PLUS WOMEN SUPPORT BIRTH CONTROL DETOX","MOTHER & LADY RANGE","PREGNANT & BREASTFIDING MOTHER",yes,8,no
322,"CONCEIVE","CONCEIVE PLUS WOMEN'S FERTILITY SUPPORT","MOTHER & LADY RANGE","PREGNANT & BREASTFIDING MOTHER",yes,2,no
323,"CONCEIVE","CONCEIVE PLUS WOMEN'S OVULATION SUPPORT","MOTHER & LADY RANGE","PREGNANT & BREASTFIDING MOTHER",yes,56,no
306,"CONCORD","CONCORD SINGLE BRUSH (S,H,M) WITH FLOSS","BABY RANGE","NEW ARRIVALS",yes,372,no
506,"CONCORD","CONCORD NAIL KIT","PERSONAL CARE & HYGIENICS","PERSONAL CARE & HYGIENICS",yes,2,no
811,"CONCORDE","CONCORDE ADULT TOOTH BRUSH WITH FLOSS MEDIUM","ORAL CARE & ACCESSORIES","TOOTHBRUSH & FLOSS",yes,0,no
810,"CONCORDE","CONCORDE ADULT TOOTH BRUSH WITH FLOSS SOFT","ORAL CARE & ACCESSORIES","TOOTHBRUSH & FLOSS",yes,0,no
813,"CONCORDE","CONCORDE ADULT TOOTH BRUSH WITH FLOSS ULT SOFT","ORAL CARE & ACCESSORIES","TOOTHBRUSH & FLOSS",yes,0,no
812,"CONCORDE","CONCORDE ADULT TOOTHBRUSH WITH FLOSS HARD","ORAL CARE & ACCESSORIES","TOOTHBRUSH & FLOSS",yes,0,no
493,"CONCORDE","CONCORDE BABY NAIL CLIPPER SET","PERSONAL CARE & HYGIENICS","PERSONAL CARE & HYGIENICS",yes,50,no
494,"CONCORDE","CONCORDE ESSENTIAL GROOMING KIT FOR MEN","PERSONAL CARE & HYGIENICS","PERSONAL CARE & HYGIENICS",yes,0,no
495,"CONCORDE","CONCORDE NAIL CLIPPER  PAIR","PERSONAL CARE & HYGIENICS","PERSONAL CARE & HYGIENICS",yes,0,no
1047,"CONICAL","CONICAL MEDICAL MOSQUITO NET POLYESTER:1350*65*250CM (WHITE)","OTHERS","CHINA TOILETRIES",yes,120,no
1092,"COOL","COOL MINT POCKETMIST ORAL CARE SPRAY 2 X 7.7ML","OTHERS","CHINA TOILETRIES",yes,500,no
1101,"COTTON","COTTON BALLS 200G","OTHERS","CHINA TOILETRIES",yes,1000,no
1099,"COTTON","COTTON BALLS 400G","OTHERS","CHINA TOILETRIES",yes,0,no
30,"COW&GATE","COW&GATE  WHOLEGRAIN PORRIDGE 6M+","BABY RANGE","BABY FOOD & CEREALS",yes,0,no
31,"COW&GATE","COW&GATE POT FRUIT (APPLE&APR&STRAW)","BABY RANGE","BABY FOOD & CEREALS",yes,0,no
34,"COW&GATE","COW&GATE POTS  FRUITS  (APPLE,MANG, PF) 4-6M+","BABY RANGE","BABY FOOD & CEREALS",yes,0,no
32,"COW&GATE","COW&GATE POTS  FRUITS  (FRUIT COCKTAIL) 4-6MOTHS","BABY RANGE","BABY FOOD & CEREALS",yes,0,no
33,"COW&GATE","COW&GATE POTS FRUIT (APPLE,BAN, ORAN)","BABY RANGE","BABY FOOD & CEREALS",yes,0,no
15,"COW&GATE","COW&GATE INFANT MILK N01 (0-6 MONTHS)","BABY RANGE","BABY MILK POWDER",yes,0,no
16,"COW&GATE","COW&GATE INFANT MILK N02","BABY RANGE","BABY MILK POWDER",yes,0,no
17,"COW&GATE","COW&GATE INFANT MILK N03","BABY RANGE","BABY MILK POWDER",yes,0,no
998,"CR","CR 39 LENSES(CLEAR) #CR20-BG (18%-23% TINT)","OTHERS","CHINA TOILETRIES",yes,0,no
1001,"CR","CR 39 LENSES(D-ORANGE) #CR100-BG (99%-100% TINT)","OTHERS","CHINA TOILETRIES",yes,0,no
1002,"CR","CR 39 LENSES(LIGHT YELLOW) CR35-B0 (32%-38% TINT)","OTHERS","CHINA TOILETRIES",yes,0,no
1000,"CR","CR 39 LENSES(ORANGE) #CR95-BB (92%-97% TINT)","OTHERS","CHINA TOILETRIES",yes,0,no
999,"CR","CR 39 LENSES(YELLOW) #CR85-BG (82%-88% TINT)","OTHERS","CHINA TOILETRIES",yes,0,no
196,"CUP","CUP ADVANCED 12M+","BABY RANGE","BABY BOTTLES & OTHER DINNING UTENSILS",yes,0,no
194,"CUP","CUP TRAINING 6M+","BABY RANGE","BABY BOTTLES & OTHER DINNING UTENSILS",yes,0,no
193,"CUP","CUP TRANSITION 4M+","BABY RANGE","BABY BOTTLES & OTHER DINNING UTENSILS",yes,0,no
1123,"CUSTOMISED","CUSTOMISED CLEANING GLASSES PRINTED PAOS GAFAS MICROFIBRA SUNGLASS SCREEN MICROFIBER SUNGLASSES WIPED CLOTH FOR LENSES","OTHERS","CHINA TOILETRIES",yes,0,no
984,"DEEP","DEEP FREEZ COLD GEL 35G","OTCs","OVER THE COUNTER MEDICINES AND TOPICAL",yes,0,no
978,"DEEP","DEEP FREEZ COLD SPRAY 150ML","OTCs","OVER THE COUNTER MEDICINES AND TOPICAL",yes,0,no
982,"DEEP","DEEP FREEZE MUSCLE MASSAGE ROLL-ON GEL 50G","OTCs","OVER THE COUNTER MEDICINES AND TOPICAL",yes,0,no
845,"DENTASK","DENT.ASK EXTRA MEDIUM REPLACEMENT","ORAL CARE & ACCESSORIES","TOOTHBRUSH & FLOSS",yes,15,no
843,"DENTASK","DENT.ASK PLUS FIT REPLACEMENT","ORAL CARE & ACCESSORIES","TOOTHBRUSH & FLOSS",yes,11,no
844,"DENTTOTAL","DENT.TOTAL FLOS  REPLACEMENT","ORAL CARE & ACCESSORIES","TOOTHBRUSH & FLOSS",yes,10,no
414,"DETOL","DETOL SKIN AND SURFACE WIPES","COSMETICS & SKIN CARE RPDUCTS","FACE CARE",yes,0,no
308,"DETTOL","DETTOL WIPES","BABY RANGE","NEW ARRIVALS",yes,0,no
500,"DETTOL","DETTOL ANTISEPTIC LIQUID 125ML","PERSONAL CARE & HYGIENICS","PERSONAL CARE & HYGIENICS",yes,9,no
501,"DETTOL","DETTOL ANTISEPTIC LIQUID 250ML","PERSONAL CARE & HYGIENICS","PERSONAL CARE & HYGIENICS",yes,78,no
502,"DETTOL","DETTOL ANTISEPTIC LIQUID 550ML","PERSONAL CARE & HYGIENICS","PERSONAL CARE & HYGIENICS",yes,63,no
616,"DIABETIC","DIABETIC SANDALS OPEN BLACK MEN  N0 42","MEDICAL DEVICES & HOSPITAL NEEDS","DIABETIC SHOES",yes,0,no
617,"DIABETIC","DIABETIC SANDALS OPEN BLACK MEN  N0 43","MEDICAL DEVICES & HOSPITAL NEEDS","DIABETIC SHOES",yes,0,no
618,"DIABETIC","DIABETIC SANDALS OPEN BLACK MEN  N0 44","MEDICAL DEVICES & HOSPITAL NEEDS","DIABETIC SHOES",yes,0,no
625,"DIABETIC","DIABETIC SANDALS OPEN BLACK WOMEN  N0 39","MEDICAL DEVICES & HOSPITAL NEEDS","DIABETIC SHOES",yes,0,no
626,"DIABETIC","DIABETIC SANDALS OPEN BLACK WOMEN  N0 40","MEDICAL DEVICES & HOSPITAL NEEDS","DIABETIC SHOES",yes,0,no
619,"DIABETIC","DIABETIC SHOES MEN BLACK ,CLOSE 42","MEDICAL DEVICES & HOSPITAL NEEDS","DIABETIC SHOES",yes,0,no
620,"DIABETIC","DIABETIC SHOES MEN BLACK ,CLOSE 43","MEDICAL DEVICES & HOSPITAL NEEDS","DIABETIC SHOES",yes,0,no
621,"DIABETIC","DIABETIC SHOES MEN BLACK ,CLOSE 44","MEDICAL DEVICES & HOSPITAL NEEDS","DIABETIC SHOES",yes,0,no
622,"DIABETIC","DIABETIC SHOES MEN SOUPRESS CLOSE 42","MEDICAL DEVICES & HOSPITAL NEEDS","DIABETIC SHOES",yes,0,no
623,"DIABETIC","DIABETIC SHOES MEN SOUPRESS CLOSE 43","MEDICAL DEVICES & HOSPITAL NEEDS","DIABETIC SHOES",yes,0,no
624,"DIABETIC","DIABETIC SHOES MEN SOUPRESS CLOSE 44","MEDICAL DEVICES & HOSPITAL NEEDS","DIABETIC SHOES",yes,0,no
627,"DIABETIC","DIABETIC SHOES WOMEN BLACK ,CLOSE 39","MEDICAL DEVICES & HOSPITAL NEEDS","DIABETIC SHOES",yes,0,no
628,"DIABETIC","DIABETIC SHOES WOMEN BLACK ,CLOSE 40","MEDICAL DEVICES & HOSPITAL NEEDS","DIABETIC SHOES",yes,0,no
975,"DIFEEL","DIFEEL BIOTIN PREMIUM HAIR OIL PRO-GROWTH 237ML","HAIRCARE PRODUCTS & ACCESSORIES","HAIRCARE PRODUCTS & ACCESSORIES",yes,0,no
646,"DIGITAL","DIGITAL THERMOMETTERS","MEDICAL DEVICES & HOSPITAL NEEDS","OTHER MEDICAL DEVICES & PARAPHARMACEUTICALS",yes,0,no
1063,"DISPOSABLE","DISPOSABLE TEA BAGS FILTERS","OTHERS","CHINA TOILETRIES",yes,100000,no
1100,"DOUBLE","DOUBLE SIDE COTTON PADS 222 PCS","OTHERS","CHINA TOILETRIES",yes,0,no
484,"DOVE","DOVE HAND CREAM 75ML COCONUT & ALMOND RESTORING RITUAL","COSMETICS & SKIN CARE RPDUCTS","FOOT & HAND CARE",yes,0,no
520,"DOVE","DOVE FINE COTTON WOOL DUA TEXTURED 80 PADS","PERSONAL CARE & HYGIENICS","PERSONAL CARE & HYGIENICS",yes,0,no
519,"DOVE","DOVE PURE COTTON 200 BUDS","PERSONAL CARE & HYGIENICS","PERSONAL CARE & HYGIENICS",yes,0,no
162,"DR","DR BROWN  TEAT 9M+","BABY RANGE","BABY BOTTLES & OTHER DINNING UTENSILS",yes,15,no
159,"DR","DR BROWN TEAT OM+","BABY RANGE","BABY BOTTLES & OTHER DINNING UTENSILS",yes,3,no
83,"DR","DR BROWN  BOTTLE WASHING BRUSH","BABY RANGE","BABY ORAL-CARE & HEALTH-CARE PRODUCTS",yes,0,no
87,"DR","DR BROWN BABY BOWL 3PCK WITH TENTIN DESIGN","BABY RANGE","BABY ORAL-CARE & HEALTH-CARE PRODUCTS",yes,0,no
489,"DR","DR SCHOLL CRACKED HEEL CREAM","COSMETICS & SKIN CARE RPDUCTS","FOOT & HAND CARE",yes,0,no
696,"DUREX","DUREX  ORAGASMIC INTENSE 10ML","SEXUAL HEALTH & ACCESSORIES PRODUCTS","SEXUAL HEALTH & ACCESSORIES PRODUCTS",yes,0,no
697,"DUREX","DUREX  PLAY CLASSIC LUBRICANT H2O 50ml","SEXUAL HEALTH & ACCESSORIES PRODUCTS","SEXUAL HEALTH & ACCESSORIES PRODUCTS",yes,0,no
685,"DUREX","DUREX B/10 EXTRA-RIBBED","SEXUAL HEALTH & ACCESSORIES PRODUCTS","SEXUAL HEALTH & ACCESSORIES PRODUCTS",yes,0,no
686,"DUREX","DUREX B/10 EXTRA-THIN","SEXUAL HEALTH & ACCESSORIES PRODUCTS","SEXUAL HEALTH & ACCESSORIES PRODUCTS",yes,0,no
687,"DUREX","DUREX B/1O EXTRA-TIME","SEXUAL HEALTH & ACCESSORIES PRODUCTS","SEXUAL HEALTH & ACCESSORIES PRODUCTS",yes,0,no
688,"DUREX","DUREX B/3 EXTRA RIBBED","SEXUAL HEALTH & ACCESSORIES PRODUCTS","SEXUAL HEALTH & ACCESSORIES PRODUCTS",yes,0,no
690,"DUREX","DUREX B/3 EXTRA-DOT","SEXUAL HEALTH & ACCESSORIES PRODUCTS","SEXUAL HEALTH & ACCESSORIES PRODUCTS",yes,0,no
691,"DUREX","DUREX B/3 EXTRA-THIN","SEXUAL HEALTH & ACCESSORIES PRODUCTS","SEXUAL HEALTH & ACCESSORIES PRODUCTS",yes,0,no
689,"DUREX","DUREX B/3 EXTRA-TIME","SEXUAL HEALTH & ACCESSORIES PRODUCTS","SEXUAL HEALTH & ACCESSORIES PRODUCTS",yes,0,no
694,"DUREX","DUREX LUBRICANT CHERRY 50ML","SEXUAL HEALTH & ACCESSORIES PRODUCTS","SEXUAL HEALTH & ACCESSORIES PRODUCTS",yes,0,no
692,"DUREX","DUREX LUBRICANT CLASSIC BLUE 50ML","SEXUAL HEALTH & ACCESSORIES PRODUCTS","SEXUAL HEALTH & ACCESSORIES PRODUCTS",yes,0,no
698,"DUREX","DUREX LUBRICANT INTENSE","SEXUAL HEALTH & ACCESSORIES PRODUCTS","SEXUAL HEALTH & ACCESSORIES PRODUCTS",yes,0,no
695,"DUREX","DUREX LUBRICANT PERFECT GLIDE 50ML","SEXUAL HEALTH & ACCESSORIES PRODUCTS","SEXUAL HEALTH & ACCESSORIES PRODUCTS",yes,0,no
693,"DUREX","DUREX LUBRICANT STRAWBERRY 50ML","SEXUAL HEALTH & ACCESSORIES PRODUCTS","SEXUAL HEALTH & ACCESSORIES PRODUCTS",yes,0,no
869,"Degree","Degree Men Clean Clinical Antiperspirant Deodorant 1.7 oz","MEDICATED FLAGRANCE & PARFUMS & ROLL-ONS","MEDICATED FLAGRANCE & PARFUMS & ROLL-ONS",yes,0,no
870,"Degree","Degree Men UltraClear+ Antiperspirant Deodorant, Black & White, 2.7 oz, 3-Count","MEDICATED FLAGRANCE & PARFUMS & ROLL-ONS","MEDICATED FLAGRANCE & PARFUMS & ROLL-ONS",yes,0,no
871,"Degree","Degree Whole Body Deodorant Stick, + Absorbs Sweat, Aluminum Free 72H","MEDICATED FLAGRANCE & PARFUMS & ROLL-ONS","MEDICATED FLAGRANCE & PARFUMS & ROLL-ONS",yes,0,no
868,"Degree","Degree women Clinical P 5-in-1 Antiperspirant 1.70 oz","MEDICATED FLAGRANCE & PARFUMS & ROLL-ONS","MEDICATED FLAGRANCE & PARFUMS & ROLL-ONS",yes,0,no
865,"Dove","Dove 0% Aluminum Deodorant 24 Hour Odour Protection Safe for Sensitive Skin 74 G","MEDICATED FLAGRANCE & PARFUMS & ROLL-ONS","MEDICATED FLAGRANCE & PARFUMS & ROLL-ONS",yes,0,no
582,"Dr","Dr. SCHOLL'S HOSPITAL BED BLANKET PURE COTTON 180*220Cm","MEDICAL DEVICES & HOSPITAL NEEDS","HOSPITAL BED IN BOX",yes,0,no
583,"Dr","Dr. SCHOLL'S HOSPITAL BED COVER 180*220","MEDICAL DEVICES & HOSPITAL NEEDS","HOSPITAL BED IN BOX",yes,0,no
581,"Dr","Dr. SCHOLL'S HOSPITAL BED SHEET PAIR  160*210Cm","MEDICAL DEVICES & HOSPITAL NEEDS","HOSPITAL BED IN BOX",yes,0,no
579,"Dr","Dr. SCHOLL'S HOSPITAL MEMORY PILLOW","MEDICAL DEVICES & HOSPITAL NEEDS","HOSPITAL BED IN BOX",yes,0,no
580,"Dr","Dr. SCHOLL'S HOSPITAL PILLOW COVER","MEDICAL DEVICES & HOSPITAL NEEDS","HOSPITAL BED IN BOX",yes,0,no
556,"Dr","Dr SCHOLL'S GREEN SCRUB UNIFORM  LARGE","MEDICAL DEVICES & HOSPITAL NEEDS","MEDICAL SCRUBS UNIFORM LONG SLEEVE",yes,0,no
555,"Dr","Dr SCHOLL'S GREEN SCRUB UNIFORM  MEDIUM","MEDICAL DEVICES & HOSPITAL NEEDS","MEDICAL SCRUBS UNIFORM LONG SLEEVE",yes,0,no
554,"Dr","Dr SCHOLL'S GREEN SCRUB UNIFORM  SMALL","MEDICAL DEVICES & HOSPITAL NEEDS","MEDICAL SCRUBS UNIFORM LONG SLEEVE",yes,0,no
557,"Dr","Dr SCHOLL'S GREEN SCRUB UNIFORM  X-LARGE","MEDICAL DEVICES & HOSPITAL NEEDS","MEDICAL SCRUBS UNIFORM LONG SLEEVE",yes,0,no
558,"Dr","Dr SCHOLL'S GREEN SCRUB UNIFORM  XX-LARGE","MEDICAL DEVICES & HOSPITAL NEEDS","MEDICAL SCRUBS UNIFORM LONG SLEEVE",yes,0,no
551,"Dr","Dr SCHOLL'S NAVY BLUE SCRUB UNIFORM  LARGE","MEDICAL DEVICES & HOSPITAL NEEDS","MEDICAL SCRUBS UNIFORM LONG SLEEVE",yes,0,no
550,"Dr","Dr SCHOLL'S NAVY BLUE SCRUB UNIFORM  MEDIUM","MEDICAL DEVICES & HOSPITAL NEEDS","MEDICAL SCRUBS UNIFORM LONG SLEEVE",yes,0,no
549,"Dr","Dr SCHOLL'S NAVY BLUE SCRUB UNIFORM  SMALL","MEDICAL DEVICES & HOSPITAL NEEDS","MEDICAL SCRUBS UNIFORM LONG SLEEVE",yes,0,no
552,"Dr","Dr SCHOLL'S NAVY BLUE SCRUB UNIFORM  X-LARGE","MEDICAL DEVICES & HOSPITAL NEEDS","MEDICAL SCRUBS UNIFORM LONG SLEEVE",yes,0,no
553,"Dr","Dr SCHOLL'S NAVY BLUE SCRUB UNIFORM  XX-LARGE","MEDICAL DEVICES & HOSPITAL NEEDS","MEDICAL SCRUBS UNIFORM LONG SLEEVE",yes,0,no
561,"Dr","Dr. SCHOOL'S PURPLE SCRUB UNIFORM LARGE","MEDICAL DEVICES & HOSPITAL NEEDS","MEDICAL SCRUBS UNIFORM LONG SLEEVE",yes,0,no
560,"Dr","Dr. SCHOOL'S PURPLE SCRUB UNIFORM MEDIUM","MEDICAL DEVICES & HOSPITAL NEEDS","MEDICAL SCRUBS UNIFORM LONG SLEEVE",yes,0,no
559,"Dr","Dr. SCHOOL'S PURPLE SCRUB UNIFORM SMALL","MEDICAL DEVICES & HOSPITAL NEEDS","MEDICAL SCRUBS UNIFORM LONG SLEEVE",yes,0,no
562,"Dr","Dr. SCHOOL'S PURPLE SCRUB UNIFORM X-LARGE","MEDICAL DEVICES & HOSPITAL NEEDS","MEDICAL SCRUBS UNIFORM LONG SLEEVE",yes,0,no
563,"Dr","Dr. SCHOOL'S PURPLE SCRUB UNIFORM XX-LARGE","MEDICAL DEVICES & HOSPITAL NEEDS","MEDICAL SCRUBS UNIFORM LONG SLEEVE",yes,0,no
532,"Dr","Dr. SCHOOL'S BLUE SCRUB UNIFORM LARGE","MEDICAL DEVICES & HOSPITAL NEEDS","MEDICAL SCRUBS UNIFORM SHORT SLEEVE",yes,0,no
531,"Dr","Dr. SCHOOL'S BLUE SCRUB UNIFORM MEDIUM","MEDICAL DEVICES & HOSPITAL NEEDS","MEDICAL SCRUBS UNIFORM SHORT SLEEVE",yes,0,no
530,"Dr","Dr. SCHOOL'S BLUE SCRUB UNIFORM SMALL","MEDICAL DEVICES & HOSPITAL NEEDS","MEDICAL SCRUBS UNIFORM SHORT SLEEVE",yes,0,no
533,"Dr","Dr. SCHOOL'S BLUE SCRUB UNIFORM X-LARGE","MEDICAL DEVICES & HOSPITAL NEEDS","MEDICAL SCRUBS UNIFORM SHORT SLEEVE",yes,0,no
534,"Dr","Dr. SCHOOL'S BLUE SCRUB UNIFORM XX-LARGE","MEDICAL DEVICES & HOSPITAL NEEDS","MEDICAL SCRUBS UNIFORM SHORT SLEEVE",yes,0,no
527,"Dr","Dr. SCHOOL'S GREEN SCRUB UNIFORM LARGE","MEDICAL DEVICES & HOSPITAL NEEDS","MEDICAL SCRUBS UNIFORM SHORT SLEEVE",yes,0,no
526,"Dr","Dr. SCHOOL'S GREEN SCRUB UNIFORM MEDIUM","MEDICAL DEVICES & HOSPITAL NEEDS","MEDICAL SCRUBS UNIFORM SHORT SLEEVE",yes,0,no
525,"Dr","Dr. SCHOOL'S GREEN SCRUB UNIFORM SMALL","MEDICAL DEVICES & HOSPITAL NEEDS","MEDICAL SCRUBS UNIFORM SHORT SLEEVE",yes,0,no
528,"Dr","Dr. SCHOOL'S GREEN SCRUB UNIFORM X-LARGE","MEDICAL DEVICES & HOSPITAL NEEDS","MEDICAL SCRUBS UNIFORM SHORT SLEEVE",yes,0,no
529,"Dr","Dr. SCHOOL'S GREEN SCRUB UNIFORM XX-LARGE","MEDICAL DEVICES & HOSPITAL NEEDS","MEDICAL SCRUBS UNIFORM SHORT SLEEVE",yes,0,no
542,"Dr","Dr. SCHOOL'S MARRON SCRUB UNIFORM LARGE","MEDICAL DEVICES & HOSPITAL NEEDS","MEDICAL SCRUBS UNIFORM SHORT SLEEVE",yes,0,no
541,"Dr","Dr. SCHOOL'S MARRON SCRUB UNIFORM MEDIUM","MEDICAL DEVICES & HOSPITAL NEEDS","MEDICAL SCRUBS UNIFORM SHORT SLEEVE",yes,0,no
540,"Dr","Dr. SCHOOL'S MARRON SCRUB UNIFORM SMALL","MEDICAL DEVICES & HOSPITAL NEEDS","MEDICAL SCRUBS UNIFORM SHORT SLEEVE",yes,0,no
543,"Dr","Dr. SCHOOL'S MARRON SCRUB UNIFORM X-LARGE","MEDICAL DEVICES & HOSPITAL NEEDS","MEDICAL SCRUBS UNIFORM SHORT SLEEVE",yes,0,no
544,"Dr","Dr. SCHOOL'S MARRON SCRUB UNIFORM XX-LARGE","MEDICAL DEVICES & HOSPITAL NEEDS","MEDICAL SCRUBS UNIFORM SHORT SLEEVE",yes,0,no
537,"Dr","Dr. SCHOOL'S PURPLE SCRUB UNIFORM LARGE","MEDICAL DEVICES & HOSPITAL NEEDS","MEDICAL SCRUBS UNIFORM SHORT SLEEVE",yes,0,no
536,"Dr","Dr. SCHOOL'S PURPLE SCRUB UNIFORM MEDIUM","MEDICAL DEVICES & HOSPITAL NEEDS","MEDICAL SCRUBS UNIFORM SHORT SLEEVE",yes,0,no
535,"Dr","Dr. SCHOOL'S PURPLE SCRUB UNIFORM SMALL","MEDICAL DEVICES & HOSPITAL NEEDS","MEDICAL SCRUBS UNIFORM SHORT SLEEVE",yes,0,no
538,"Dr","Dr. SCHOOL'S PURPLE SCRUB UNIFORM X-LARGE","MEDICAL DEVICES & HOSPITAL NEEDS","MEDICAL SCRUBS UNIFORM SHORT SLEEVE",yes,0,no
539,"Dr","Dr. SCHOOL'S PURPLE SCRUB UNIFORM XX-LARGE","MEDICAL DEVICES & HOSPITAL NEEDS","MEDICAL SCRUBS UNIFORM SHORT SLEEVE",yes,0,no
1119,"EAR","EAR PLAG PAIR","OTHERS","CHINA TOILETRIES",yes,0,no
195,"EASY","EASY CUP 12M+","BABY RANGE","BABY BOTTLES & OTHER DINNING UTENSILS",yes,0,no
1042,"ELECTIC","ELECTIC FOOT FILES","OTHERS","CHINA TOILETRIES",yes,120,no
505,"ELEGANT","ELEGANT TOUCH NAIL CLIPPERS","PERSONAL CARE & HYGIENICS","PERSONAL CARE & HYGIENICS",yes,0,no
72,"ELMEX","ELMEX JUNIOR TOOTH PASTE 6-12","BABY RANGE","BABY ORAL-CARE & HEALTH-CARE PRODUCTS",yes,0,no
71,"ELMEX","ELMEX TOOTH PASTE 2-6 Y","BABY RANGE","BABY ORAL-CARE & HEALTH-CARE PRODUCTS",yes,0,no
801,"ELMEX","ELMEX ANTI-CARRIES MOUTH WASH 100ML","ORAL CARE & ACCESSORIES","MOUTHWASH",yes,0,no
800,"ELMEX","ELMEX SENSITIVE MOUTH WASH 100ML","ORAL CARE & ACCESSORIES","MOUTHWASH",yes,0,no
863,"ELMEX","ELMEX SWISS MADE SUPER SOFT 3-PACK VERY SOFT TOOTHBRUSH","ORAL CARE & ACCESSORIES","TOOTHBRUSH & FLOSS",yes,0,no
1121,"EVA","EVA MEDICAL COLD BAG CAN BE CUSTOMIZED MEDICAL COLD BAG CAN BE REUSED FOR MEDICAL DIABETES STORAGE","OTHERS","CHINA TOILETRIES",yes,0,no
369,"EXACTO","EXACTO VAGINAL INFECTION TEST 1","MOTHER & LADY RANGE","FEMININE INTIMATE CARE TOILETRIES",yes,0,no
1082,"EXTRA","EXTRA CLEAN TOOTHBRUSH 6 VALUE PACK","OTHERS","CHINA TOILETRIES",yes,10000,no
181,"EZ","EZ GROW BABY BOTTLE 270 ML","BABY RANGE","BABY BOTTLES & OTHER DINNING UTENSILS",yes,21,no
1058,"FACE","FACE POWDER BRUSH","OTHERS","CHINA TOILETRIES",yes,120,no
1056,"FACE","FACE POWDER PUFF SPONGE","OTHERS","CHINA TOILETRIES",yes,120,no
1057,"FACE","FACE POWDER SPONGE","OTHERS","CHINA TOILETRIES",yes,0,no
1026,"FASHION","FASHION OPTICAL FRAMES NEW DESIGN FOR WOMEN","OTHERS","CHINA TOILETRIES",yes,0,no
94,"FINGER","FINGER TOOTHBRUSH","BABY RANGE","BABY ORAL-CARE & HEALTH-CARE PRODUCTS",yes,12,no
393,"FIZZ","FIZZ C 1000 EFF TABS 20","DIETS & NATURAL REMEDY & FOOD SUPPLEMENTS","DIETS & NATURAL REMEDY & FOOD SUPPLEMENTS",yes,0,no
1117,"FOLDABLE","FOLDABLE PORTABLE SMALL TRAVEL TOOTHBRUSH SET TOOTHBRUSH AND TOOTHPASTE KIT","OTHERS","CHINA TOILETRIES",yes,0,no
387,"FOLIGAIN","FOLIGAIN MINOXIDIL 2% B/3","DIETS & NATURAL REMEDY & FOOD SUPPLEMENTS","DIETS & NATURAL REMEDY & FOOD SUPPLEMENTS",yes,25,no
385,"FOLIGAIN","FOLIGAIN MINOXIDIL 5% B/3","DIETS & NATURAL REMEDY & FOOD SUPPLEMENTS","DIETS & NATURAL REMEDY & FOOD SUPPLEMENTS",yes,0,no
386,"FOLIGAIN","FOLIGAIN ROLLER","DIETS & NATURAL REMEDY & FOOD SUPPLEMENTS","DIETS & NATURAL REMEDY & FOOD SUPPLEMENTS",yes,0,no
390,"FOLIGAIN","FOLIGAIN STIMULATING SUPLEMENTS B/60","DIETS & NATURAL REMEDY & FOOD SUPPLEMENTS","DIETS & NATURAL REMEDY & FOOD SUPPLEMENTS",yes,0,no
389,"FOLIGAIN","FOLIGAIN TRIOXIDIL 10% MEN","DIETS & NATURAL REMEDY & FOOD SUPPLEMENTS","DIETS & NATURAL REMEDY & FOOD SUPPLEMENTS",yes,13,no
388,"FOLIGAIN","FOLIGAIN TRIOXIDIL 10% WOMEN","DIETS & NATURAL REMEDY & FOOD SUPPLEMENTS","DIETS & NATURAL REMEDY & FOOD SUPPLEMENTS",yes,11,no
1144,"FOOT","FOOT FILE GRINDER FOOT REMOVER PEDICURE","OTHERS","CHINA TOILETRIES",yes,0,no
1059,"FOUNDATION","FOUNDATION CREAM PUFF SET WITH HANDLE","OTHERS","CHINA TOILETRIES",yes,120,no
491,"GARNIER","GARNIER REGENERATING HAND CREAM 100ML","COSMETICS & SKIN CARE RPDUCTS","FOOT & HAND CARE",yes,0,no
38,"GERBER","GERBER LIL'BISCUITS 250G","BABY RANGE","BABY FOOD & CEREALS",yes,0,no
57,"GERBER","GERBER MISKOPTY HERBATNICZKI DLA NIEMOWLAT I MALYCH DZIECI 180G","BABY RANGE","BABY FOOD & CEREALS",yes,0,no
53,"GERBER","GERBER PELNIA ZBOZ KASZKA MANNA Z MLEKIEM 200G","BABY RANGE","BABY FOOD & CEREALS",yes,0,no
56,"GERBER","GERBER PELNIA ZBOZ KASZKA OWSIANO-PSZENNA ZE SLIWKA 200G","BABY RANGE","BABY FOOD & CEREALS",yes,0,no
524,"GILLETTE","GILLETTE II WOMEN DISPOSABLE RAZORS 5+2","PERSONAL CARE & HYGIENICS","PERSONAL CARE & HYGIENICS",yes,0,no
391,"GREEN","GREEN TEA FAT BURNER B/30","DIETS & NATURAL REMEDY & FOOD SUPPLEMENTS","DIETS & NATURAL REMEDY & FOOD SUPPLEMENTS",yes,4,no
1068,"HIGH","HIGH QUALITY SMALL PACK 1/12 FOLD POCKET PAPER TISSUE POCKET TISSUE STANDARD BULK FACIAL HANDKERCHIEF","OTHERS","CHINA TOILETRIES",yes,10000,no
1016,"HIGHQUALITY","HIGH-QUALITY ACETATE SUNGLASSES CLASSIC STYLE FOR MEN","OTHERS","CHINA TOILETRIES",yes,0,no
1022,"HIGHQUALITY","HIGH-QUALITY AVIATOR ACETATE EYEWEAR FOR MEN","OTHERS","CHINA TOILETRIES",yes,0,no
204,"HOMETRAVEL","HOME-TRAVEL BOTTLE WARMER","BABY RANGE","BABY BOTTLES & OTHER DINNING UTENSILS",yes,0,no
649,"HOT","HOT WATER BAG","HOUSEHOLD & HOME NEEDS PRODUCTS","HOUSEHOLD & HOME NEEDS PRODUCTS",yes,0,no
1145,"HOT","HOT SELLING 2PCS PERSONAL NAIL CARE TOOL CARBON STEEL PROFESSIONAL","OTHERS","CHINA TOILETRIES",yes,0,no
670,"HUILE","HUILE DE CARROTTE 250ML","CHEMICALS & ESSENTIAL  OILS","CHEMICALS & ESSENTIAL  OILS",yes,0,no
669,"HUILE","HUILE DE MIEL 250ML","CHEMICALS & ESSENTIAL  OILS","CHEMICALS & ESSENTIAL  OILS",yes,0,no
673,"HUILE","HUILE DE PALME 250ML","CHEMICALS & ESSENTIAL  OILS","CHEMICALS & ESSENTIAL  OILS",yes,0,no
672,"HUILE","HUILE DE PEPPERMINT 250ML","CHEMICALS & ESSENTIAL  OILS","CHEMICALS & ESSENTIAL  OILS",yes,0,no
668,"HUILE","HUILE DE VITAMIN E 250ML","CHEMICALS & ESSENTIAL  OILS","CHEMICALS & ESSENTIAL  OILS",yes,48,no
671,"HUILE","HUILE DE YLAN-YLANG 250ML","CHEMICALS & ESSENTIAL  OILS","CHEMICALS & ESSENTIAL  OILS",yes,0,no
660,"HUILE","HUILE ESSENTIAL D' AMANDE DOUCE 250ML","CHEMICALS & ESSENTIAL  OILS","CHEMICALS & ESSENTIAL  OILS",yes,0,no
659,"HUILE","HUILE ESSENTIAL D' OLIVE 250ML","CHEMICALS & ESSENTIAL  OILS","CHEMICALS & ESSENTIAL  OILS",yes,0,no
665,"HUILE","HUILE ESSENTIAL D'ARGAN 250ML","CHEMICALS & ESSENTIAL  OILS","CHEMICALS & ESSENTIAL  OILS",yes,0,no
667,"HUILE","HUILE ESSENTIAL DE GINGER 250ML","CHEMICALS & ESSENTIAL  OILS","CHEMICALS & ESSENTIAL  OILS",yes,0,no
658,"HUILE","HUILE ESSENTIAL DE NOI DE COCO 250ML","CHEMICALS & ESSENTIAL  OILS","CHEMICALS & ESSENTIAL  OILS",yes,0,no
661,"HUILE","HUILE ESSENTIAL DE RACIN 250ML","CHEMICALS & ESSENTIAL  OILS","CHEMICALS & ESSENTIAL  OILS",yes,0,no
666,"HUILE","HUILE ESSENTIAL DE RAISIN 250ML","CHEMICALS & ESSENTIAL  OILS","CHEMICALS & ESSENTIAL  OILS",yes,0,no
662,"HUILE","HUILE ESSENTIAL DE SESAME 250ML","CHEMICALS & ESSENTIAL  OILS","CHEMICALS & ESSENTIAL  OILS",yes,0,no
664,"HUILE","HUILE ESSENTIAL GARLIC 250ML","CHEMICALS & ESSENTIAL  OILS","CHEMICALS & ESSENTIAL  OILS",yes,0,no
657,"HUILE","HUILE ESSENTIAL LAVENDER 250ML","CHEMICALS & ESSENTIAL  OILS","CHEMICALS & ESSENTIAL  OILS",yes,0,no
663,"HUILE","HUILE ESSENTIAL MUTARD 250ML","CHEMICALS & ESSENTIAL  OILS","CHEMICALS & ESSENTIAL  OILS",yes,0,no
1088,"HYDRATING","HYDRATING ORAL SPRAY MINT 3 X 9.2ML","OTHERS","CHINA TOILETRIES",yes,500,no
640,"INDUSTRIES","INDUSTRIES HEAD COVER HAT","MEDICAL DEVICES & HOSPITAL NEEDS","OTHER MEDICAL DEVICES & PARAPHARMACEUTICALS",yes,0,no
368,"INTIMATE","INTIMATE CARE VAGINAL WASH 400ML","MOTHER & LADY RANGE","FEMININE INTIMATE CARE TOILETRIES",yes,0,no
1111,"JUNIOR","JUNIOR TOOTHBRUSH 6-9 YEARS","OTHERS","CHINA TOILETRIES",yes,0,no
54,"KASZKA","KASZKA MLECZNA OWSIANO-PSZENNA JABLKO MARCHEWKA 200G","BABY RANGE","BABY FOOD & CEREALS",yes,0,no
1079,"KIDS","KIDS CARTOON ANIMAL TOOTHBRUSH SET","OTHERS","CHINA TOILETRIES",yes,10000,no
1109,"KIDS","KIDS MANUAL TOOTHBRUSH 3-5ANS","OTHERS","CHINA TOILETRIES",yes,0,no
1112,"KIDS","KIDS TOOTHBRUSH 3Y+","OTHERS","CHINA TOILETRIES",yes,0,no
1085,"KIDS","KIDS U-SHAPE SILICONE TOOTHBRUSH (DINOSAUR)","OTHERS","CHINA TOILETRIES",yes,10000,no
364,"KOTEX","KOTEX PROTÉGÉ B/100","MOTHER & LADY RANGE","FEMININE INTIMATE CARE TOILETRIES",yes,0,no
365,"KOTEX","KOTEX PROTÉGÉ B/20","MOTHER & LADY RANGE","FEMININE INTIMATE CARE TOILETRIES",yes,0,no
366,"KOTEX","KOTEX TAMPON B/32","MOTHER & LADY RANGE","FEMININE INTIMATE CARE TOILETRIES",yes,0,no
847,"KRUIDVANT","KRUIDVANT FIL DENTAL","ORAL CARE & ACCESSORIES","TOOTHBRUSH & FLOSS",yes,0,no
1062,"KUIENSI","KUIENSI VACCUUM PLASTIC SEALER HANDHELD","OTHERS","CHINA TOILETRIES",yes,2,no
473,"LABELLO","LABELLO MEDI REPAIR LIP BALM 4.8G SPF 15","COSMETICS & SKIN CARE RPDUCTS","FACE CARE",yes,0,no
328,"LACTOCARE","LACTOCARE BREASTFEEDNG 30  CAPS","MOTHER & LADY RANGE","PREGNANT & BREASTFIDING MOTHER",yes,0,no
317,"LANSINOH","LANSINOH BREAST PADS B/60","MOTHER & LADY RANGE","PREGNANT & BREASTFIDING MOTHER",yes,0,no
334,"LANSINOH","LANSINOH ORGANIC NIPPLE BALM 60ML","MOTHER & LADY RANGE","PREGNANT & BREASTFIDING MOTHER",yes,0,no
1012,"LATEST","LATEST MODERN ACETATE SUNGLASSES UV400 FOR UNISEX","OTHERS","CHINA TOILETRIES",yes,0,no
1126,"LENS","LENS WIPES 100 CT","OTHERS","CHINA TOILETRIES",yes,0,no
392,"LIBIDO","LIBIDO WOMEN B/75","DIETS & NATURAL REMEDY & FOOD SUPPLEMENTS","DIETS & NATURAL REMEDY & FOOD SUPPLEMENTS",yes,14,no
1094,"LIDERCARE","LIDERCARE ACTIVATED CHARCOAL TEETH WHITENING POWDER 50G","OTHERS","CHINA TOILETRIES",yes,500,no
1089,"LIDERCARE","LIDERCARE MULTI EFFECT FRESH ORAL SPRAY 17ML","OTHERS","CHINA TOILETRIES",yes,500,no
1096,"LIDERCARE","LIDERCARE TEETH WHITENING FOAM TOOTHPASTE 60ML","OTHERS","CHINA TOILETRIES",yes,100,no
1077,"LIDERCARE","LIDERCARE TEETH WHITENING PEN 0.28OZ (8ML)","OTHERS","CHINA TOILETRIES",yes,100,no
1078,"LIDERCARE","LIDERCARE TEETH WHITENING PEN 2 X 3ML","OTHERS","CHINA TOILETRIES",yes,100,no
1095,"LIDERCARE","LIDERCARE TEETH WHITENING POWDER SPEARMINT","OTHERS","CHINA TOILETRIES",yes,100,no
655,"LINSOFT","LINSOFT MENTHOL TISSUES 15X10X4","HOUSEHOLD & HOME NEEDS PRODUCTS","HOUSEHOLD & HOME NEEDS PRODUCTS",yes,0,no
656,"LINSOFT","LINSOFT PAPIER MOUCHOIR CLASSIC 15X10X4","HOUSEHOLD & HOME NEEDS PRODUCTS","HOUSEHOLD & HOME NEEDS PRODUCTS",yes,0,no
462,"LIPIKAR","LIPIKAR LA ROCHE POSSAY LAIT CORP 400ML","COSMETICS & SKIN CARE RPDUCTS","FACE CARE",yes,0,no
461,"LIPIKAR","LIPIKAR LA ROCHE POSSAY-HUILE LAVANTE AP+ 750ML","COSMETICS & SKIN CARE RPDUCTS","FACE CARE",yes,0,no
808,"LISTERINE","LISTERINE MOUTH SPRAY COOLMINT 10ML","ORAL CARE & ACCESSORIES","MOUTHSPRAY",yes,0,no
807,"LISTERINE","LISTERINE MOUTH SPRAY FRESHBURST 10ML","ORAL CARE & ACCESSORIES","MOUTHSPRAY",yes,0,no
798,"LISTERINE","LISTERINE COOL MINT *5","ORAL CARE & ACCESSORIES","MOUTHWASH",yes,0,no
805,"LISTERINE","LISTERINE SMART RINSE MILD BERRY MOUTHWASH 250ML","ORAL CARE & ACCESSORIES","MOUTHWASH",yes,0,no
806,"LISTERINE","LISTERINE SMART RINSE MILD MINT MOUTHWASH 250ML","ORAL CARE & ACCESSORIES","MOUTHWASH",yes,0,no
799,"LISTERINE","LISTERINE TOTAL CARE GREEN","ORAL CARE & ACCESSORIES","MOUTHWASH",yes,0,no
797,"LISTERINE","LISTERINE TOTAL CARE TEETH AND GUM*5","ORAL CARE & ACCESSORIES","MOUTHWASH",yes,0,no
1141,"LUCKY","LUCKY STACKED LUNCH BOX SET WITH INSULATED BAG (YELLOW/TEAL)","OTHERS","CHINA TOILETRIES",yes,0,no
1032,"LUXURY","LUXURY ACETATE OPTICAL FRAMES CLASSIC DESIGN FOR WOMEN","OTHERS","CHINA TOILETRIES",yes,0,no
1054,"LUXURY","LUXURY BATH GLOVES NO FINGER","OTHERS","CHINA TOILETRIES",yes,0,no
1060,"LUXURY","LUXURY BIKIN EPILATOR MACHINE","OTHERS","CHINA TOILETRIES",yes,60,no
1098,"LUXURY","LUXURY MAKE UP REMAVAL PADS 150 PICES ROUND","OTHERS","CHINA TOILETRIES",yes,1000,no
1097,"LUXURY","LUXURY PANTYLINERS","OTHERS","CHINA TOILETRIES",yes,100000,no
1030,"LUXURY","LUXURY ROUND OPTICAL SPECTACLE FRAMES FOR WOMEN","OTHERS","CHINA TOILETRIES",yes,0,no
409,"Labello","Labello Lipcare - Cherry Shine 4.8 gr.","COSMETICS & SKIN CARE RPDUCTS","FACE CARE",yes,0,no
408,"Labello","Labello Lipcare - Classic 4.8 gr.","COSMETICS & SKIN CARE RPDUCTS","FACE CARE",yes,0,no
406,"Labello","Labello Lipcare - Soft Rosé 4.8 gr","COSMETICS & SKIN CARE RPDUCTS","FACE CARE",yes,0,no
407,"Labello","Labello Lipcare - Watermelon Shine 4.8 gr.","COSMETICS & SKIN CARE RPDUCTS","FACE CARE",yes,0,no
165,"MAM","MAM TEAOT 4M+","BABY RANGE","BABY BOTTLES & OTHER DINNING UTENSILS",yes,16,no
164,"MAM","MAM TEAT 2M+","BABY RANGE","BABY BOTTLES & OTHER DINNING UTENSILS",yes,24,no
163,"MAM","MAM TEAT OM+","BABY RANGE","BABY BOTTLES & OTHER DINNING UTENSILS",yes,23,no
1134,"MANUAL","MANUAL BREAST PUMP","OTHERS","CHINA TOILETRIES",yes,0,no
1043,"MANUAL","MANUAL FOOT FILES","OTHERS","CHINA TOILETRIES",yes,0,no
635,"MASSAGE","MASSAGE SANDALS OPEN BLACK-PUPLE WOMEN  N0 39","MEDICAL DEVICES & HOSPITAL NEEDS","MEDICAL MASSAGE SHOES",yes,0,no
636,"MASSAGE","MASSAGE SANDALS OPEN BLACK-PUPLE WOMEN  N0 40","MEDICAL DEVICES & HOSPITAL NEEDS","MEDICAL MASSAGE SHOES",yes,0,no
629,"MASSAGE","MASSAGE SANDALS OPEN BROWN MEN  N0 42","MEDICAL DEVICES & HOSPITAL NEEDS","MEDICAL MASSAGE SHOES",yes,0,no
630,"MASSAGE","MASSAGE SANDALS OPEN BROWN MEN  N0 43","MEDICAL DEVICES & HOSPITAL NEEDS","MEDICAL MASSAGE SHOES",yes,0,no
631,"MASSAGE","MASSAGE SANDALS OPEN BROWN MEN  N0 44","MEDICAL DEVICES & HOSPITAL NEEDS","MEDICAL MASSAGE SHOES",yes,0,no
632,"MASSAGE","MASSAGE SLIPPERS OPEN BROWN MEN  N0 42","MEDICAL DEVICES & HOSPITAL NEEDS","MEDICAL MASSAGE SHOES",yes,0,no
633,"MASSAGE","MASSAGE SLIPPERS OPEN BROWN MEN  N0 43","MEDICAL DEVICES & HOSPITAL NEEDS","MEDICAL MASSAGE SHOES",yes,0,no
634,"MASSAGE","MASSAGE SLIPPERS OPEN BROWN MEN  N0 44","MEDICAL DEVICES & HOSPITAL NEEDS","MEDICAL MASSAGE SHOES",yes,0,no
637,"MASSAGE","MASSAGE SLIPPERS OPEN BROWN WOMEN  N0 39","MEDICAL DEVICES & HOSPITAL NEEDS","MEDICAL MASSAGE SHOES",yes,0,no
638,"MASSAGE","MASSAGE SLIPPERS OPEN BROWN WOMEN  N0 40","MEDICAL DEVICES & HOSPITAL NEEDS","MEDICAL MASSAGE SHOES",yes,0,no
644,"MASSAGE","MASSAGE BALLS","MEDICAL DEVICES & HOSPITAL NEEDS","OTHER MEDICAL DEVICES & PARAPHARMACEUTICALS",yes,0,no
643,"MASSAGE","MASSAGE GUNS","MEDICAL DEVICES & HOSPITAL NEEDS","OTHER MEDICAL DEVICES & PARAPHARMACEUTICALS",yes,0,no
475,"MEDERMA","MEDERMA STRETCH MARKS THERAPY 150G","COSMETICS & SKIN CARE RPDUCTS","FACE CARE",yes,0,no
584,"MEDICAL","MEDICAL SHOES CLOSE BLUE PEN No 40 BLOC WITH STRAP","MEDICAL DEVICES & HOSPITAL NEEDS","MEDICAL (DOCTOR'S & NURSES) SHOES CLOG & BLOCK",yes,0,no
585,"MEDICAL","MEDICAL SHOES CLOSE BLUE PEN No 41 BLOC WITH STRAP","MEDICAL DEVICES & HOSPITAL NEEDS","MEDICAL (DOCTOR'S & NURSES) SHOES CLOG & BLOCK",yes,0,no
588,"MEDICAL","MEDICAL SHOES CLOSE BLUE PEN No 42 BLOC WITH STRAP","MEDICAL DEVICES & HOSPITAL NEEDS","MEDICAL (DOCTOR'S & NURSES) SHOES CLOG & BLOCK",yes,0,no
586,"MEDICAL","MEDICAL SHOES CLOSE BLUE PEN No 42 BLOC WITH STRAP","MEDICAL DEVICES & HOSPITAL NEEDS","MEDICAL (DOCTOR'S & NURSES) SHOES CLOG & BLOCK",yes,0,no
587,"MEDICAL","MEDICAL SHOES CLOSE BLUE PEN No 43 BLOC WITH STRAP","MEDICAL DEVICES & HOSPITAL NEEDS","MEDICAL (DOCTOR'S & NURSES) SHOES CLOG & BLOCK",yes,0,no
589,"MEDICAL","MEDICAL SHOES CLOSE DARK GREEN No 40 BLOC WITH STRAP","MEDICAL DEVICES & HOSPITAL NEEDS","MEDICAL (DOCTOR'S & NURSES) SHOES CLOG & BLOCK",yes,0,no
590,"MEDICAL","MEDICAL SHOES CLOSE DARK GREEN No 41 BLOC WITH STRAP","MEDICAL DEVICES & HOSPITAL NEEDS","MEDICAL (DOCTOR'S & NURSES) SHOES CLOG & BLOCK",yes,0,no
591,"MEDICAL","MEDICAL SHOES CLOSE DARK GREEN No 42 BLOC WITH STRAP","MEDICAL DEVICES & HOSPITAL NEEDS","MEDICAL (DOCTOR'S & NURSES) SHOES CLOG & BLOCK",yes,0,no
592,"MEDICAL","MEDICAL SHOES CLOSE DARK GREEN No 43 BLOC WITH STRAP","MEDICAL DEVICES & HOSPITAL NEEDS","MEDICAL (DOCTOR'S & NURSES) SHOES CLOG & BLOCK",yes,0,no
593,"MEDICAL","MEDICAL SHOES CLOSE WHITE No 39 BLOC WITH STRAP","MEDICAL DEVICES & HOSPITAL NEEDS","MEDICAL (DOCTOR'S & NURSES) SHOES CLOG & BLOCK",yes,0,no
594,"MEDICAL","MEDICAL SHOES CLOSE WHITE No 40 BLOC WITH STRAP","MEDICAL DEVICES & HOSPITAL NEEDS","MEDICAL (DOCTOR'S & NURSES) SHOES CLOG & BLOCK",yes,0,no
595,"MEDICAL","MEDICAL SHOES CLOSE WHITE No 41 BLOC WITH STRAP","MEDICAL DEVICES & HOSPITAL NEEDS","MEDICAL (DOCTOR'S & NURSES) SHOES CLOG & BLOCK",yes,0,no
596,"MEDICAL","MEDICAL SHOES CLOSE WHITE No 42 BLOC WITH STRAP","MEDICAL DEVICES & HOSPITAL NEEDS","MEDICAL (DOCTOR'S & NURSES) SHOES CLOG & BLOCK",yes,0,no
566,"MEDICAL","MEDICAL DOCTOR'S WHITE COAT LONG SLEEVE WITH BLUE DESIGN LARGE","MEDICAL DEVICES & HOSPITAL NEEDS","MEDICAL DOCTOR'S LAB COAT WHITE WITH BLUE DESIGN LONG SLEEVE",no,0,no
565,"MEDICAL","MEDICAL DOCTOR'S WHITE COAT LONG SLEEVE WITH BLUE DESIGN MEDIUM","MEDICAL DEVICES & HOSPITAL NEEDS","MEDICAL DOCTOR'S LAB COAT WHITE WITH BLUE DESIGN LONG SLEEVE",no,0,no
564,"MEDICAL","MEDICAL DOCTOR'S WHITE COAT LONG SLEEVE WITH BLUE DESIGN SMALL","MEDICAL DEVICES & HOSPITAL NEEDS","MEDICAL DOCTOR'S LAB COAT WHITE WITH BLUE DESIGN LONG SLEEVE",no,0,no
567,"MEDICAL","MEDICAL DOCTOR'S WHITE COAT LONG SLEEVE WITH BLUE DESIGN X-LARGE","MEDICAL DEVICES & HOSPITAL NEEDS","MEDICAL DOCTOR'S LAB COAT WHITE WITH BLUE DESIGN LONG SLEEVE",no,0,no
568,"MEDICAL","MEDICAL DOCTOR'S WHITE COAT LONG SLEEVE WITH BLUE DESIGN XX-LARGE","MEDICAL DEVICES & HOSPITAL NEEDS","MEDICAL DOCTOR'S LAB COAT WHITE WITH BLUE DESIGN LONG SLEEVE",no,0,no
1103,"MEDICAL","MEDICAL HAIR MAT B/100","OTHERS","CHINA TOILETRIES",yes,0,no
1102,"MEDICAL","MEDICAL PILLS TRAY GREEN MEDICAL, RIGHT BLUE","OTHERS","CHINA TOILETRIES",yes,240,no
1067,"MEDICAL","MEDICAL POST-PARTUM MATERNITY PADS 850 ML ABSORBANCY","OTHERS","CHINA TOILETRIES",yes,10000,no
1107,"MEDIUM","MEDIUM TOOTHBRUSH","OTHERS","CHINA TOILETRIES",yes,0,no
1009,"MENS","MEN'S ACETATE OPTICAL FRAMES CHINA EYEWEAR SUPPLIER","OTHERS","CHINA TOILETRIES",yes,0,no
1028,"MENS","MEN'S SQUARE OPTICAL FRAMES CLASSIC GLASSES","OTHERS","CHINA TOILETRIES",yes,0,no
1143,"MICROWAVE","MICROWAVE SAFE PLASTIC FOOD STORAGE CONTAINER HIGH QUALITY CAMPING BENTO LUNCH BOX FOR SCHOOL KIDS FOOD STORAGE BOX","OTHERS","CHINA TOILETRIES",yes,0,no
105,"MILK","MILK TEETH TOOTHBRUSH 3-6 YEARS","BABY RANGE","BABY ORAL-CARE & HEALTH-CARE PRODUCTS",yes,0,no
107,"MILK","MILK TEETH TOOTHBRUSH 6M-3YEARS","BABY RANGE","BABY ORAL-CARE & HEALTH-CARE PRODUCTS",yes,0,no
947,"MIRACLE","MIRACLE 9 ALMOND MINT HONEY&AVOCADO STYLING GEL","HAIRCARE PRODUCTS & ACCESSORIES","HAIRCARE PRODUCTS & ACCESSORIES",yes,0,no
946,"MIRACLE","MIRACLE 9 COIL ACTIVATOR HONEY&AVOCADO CURLING CREAM 12 OZ","HAIRCARE PRODUCTS & ACCESSORIES","HAIRCARE PRODUCTS & ACCESSORIES",yes,0,no
942,"MIRACLE","MIRACLE 9 DEEP ULTRA-HYDRATING HONEY&AVOCADO CONDITIONER 12 OZ","HAIRCARE PRODUCTS & ACCESSORIES","HAIRCARE PRODUCTS & ACCESSORIES",yes,0,no
941,"MIRACLE","MIRACLE 9 DEEP ULTRA-HYDRATING HONEY&AVOCADO SHAMPOO 12 OZ","HAIRCARE PRODUCTS & ACCESSORIES","HAIRCARE PRODUCTS & ACCESSORIES",yes,0,no
949,"MIRACLE","MIRACLE 9 DEEP ULTRA-HYDRATING ROSEMARY & SUNFLOWER CONDITIONNER 12 OZ","HAIRCARE PRODUCTS & ACCESSORIES","HAIRCARE PRODUCTS & ACCESSORIES",yes,0,no
948,"MIRACLE","MIRACLE 9 DEEP ULTRA-HYDRATING ROSEMARY & SUNFLOWER SHAMPOO 12 OZ","HAIRCARE PRODUCTS & ACCESSORIES","HAIRCARE PRODUCTS & ACCESSORIES",yes,0,no
935,"MIRACLE","MIRACLE 9 HONEY & AVOCADO WRAP, SET, TWIST MOUSSE 8OZ","HAIRCARE PRODUCTS & ACCESSORIES","HAIRCARE PRODUCTS & ACCESSORIES",yes,0,no
951,"MIRACLE","MIRACLE 9 HYDRATE & REPAIR ROSEMARY & SUNFLOWER DEEP CONDITIONNER","HAIRCARE PRODUCTS & ACCESSORIES","HAIRCARE PRODUCTS & ACCESSORIES",yes,0,no
953,"MIRACLE","MIRACLE 9 HYDRATE & REPAIR ROSEMARY & SUNFLOWER HAIR MOUSSE","HAIRCARE PRODUCTS & ACCESSORIES","HAIRCARE PRODUCTS & ACCESSORIES",yes,0,no
952,"MIRACLE","MIRACLE 9 HYDRATE & REPAIR ROSEMARY & SUNFLOWER HAIRGROWTH OIL","HAIRCARE PRODUCTS & ACCESSORIES","HAIRCARE PRODUCTS & ACCESSORIES",yes,0,no
944,"MIRACLE","MIRACLE 9 HYDRATING THERAPY HONEY&AVOCADO HAIR MASK 12 OZ","HAIRCARE PRODUCTS & ACCESSORIES","HAIRCARE PRODUCTS & ACCESSORIES",yes,0,no
950,"MIRACLE","MIRACLE 9 HYDRATION THERAPY ROSEMARY & SUNFLOWER LEAVE-IN CONDITIONNER 12 OZ","HAIRCARE PRODUCTS & ACCESSORIES","HAIRCARE PRODUCTS & ACCESSORIES",yes,0,no
934,"MIRACLE","MIRACLE 9 KNOTS FREE HONEY & AVOCADO DETANGLER 8OZ","HAIRCARE PRODUCTS & ACCESSORIES","HAIRCARE PRODUCTS & ACCESSORIES",yes,0,no
940,"MIRACLE","MIRACLE 9 SKIN & SCALP SAVER HONEY MINT OIL TREATMENT 8OZ","HAIRCARE PRODUCTS & ACCESSORIES","HAIRCARE PRODUCTS & ACCESSORIES",yes,0,no
945,"MIRACLE","MIRACLE 9 STRENGTH ALMOND, MINT HONEY & AVOCADO HAIR GROWTH OIL","HAIRCARE PRODUCTS & ACCESSORIES","HAIRCARE PRODUCTS & ACCESSORIES",yes,0,no
939,"MIXED","MIXED CHICKS HAIR FOUR DAYS DRY SHAMPOO 2.8OZ","HAIRCARE PRODUCTS & ACCESSORIES","HAIRCARE PRODUCTS & ACCESSORIES",yes,0,no
937,"MIXED","MIXED CHICKS KIDS QUAD PACK","HAIRCARE PRODUCTS & ACCESSORIES","HAIRCARE PRODUCTS & ACCESSORIES",yes,0,no
943,"MOISTURE","MOISTURE THERAPY HONEY & AVOCADO LEAVE IN CONDITIONER","HAIRCARE PRODUCTS & ACCESSORIES","HAIRCARE PRODUCTS & ACCESSORIES",yes,0,no
652,"MORTEIN","MORTEIN 30 NIGHT LIQUID COMPLETE","HOUSEHOLD & HOME NEEDS PRODUCTS","HOUSEHOLD & HOME NEEDS PRODUCTS",yes,0,no
651,"MORTEIN","MORTEIN ODOURLESS","HOUSEHOLD & HOME NEEDS PRODUCTS","HOUSEHOLD & HOME NEEDS PRODUCTS",yes,0,no
641,"MOUTH","MOUTH COVER KN95 INDUSTRIAL WHITE","MEDICAL DEVICES & HOSPITAL NEEDS","OTHER MEDICAL DEVICES & PARAPHARMACEUTICALS",yes,0,no
642,"MOUTH","MOUTH COVER MEDICAL USE BLUE-WHITE","MEDICAL DEVICES & HOSPITAL NEEDS","OTHER MEDICAL DEVICES & PARAPHARMACEUTICALS",yes,0,no
256,"MUNCHKIN","MUNCHKIN CLICK LOCK CHEW PROOF TRAINER CUP 237ML","BABY RANGE","BABY BOTTLES & OTHER DINNING UTENSILS",yes,0,no
255,"MUNCHKIN","MUNCHKIN CLICK LOCK TIP & SIP WEIGHTED STRAW CUP GREEN 207ML","BABY RANGE","BABY BOTTLES & OTHER DINNING UTENSILS",yes,0,no
225,"MUNCHKIN","MUNCHKIN FOLD DRYING RACK","BABY RANGE","BABY BOTTLES & OTHER DINNING UTENSILS",yes,0,no
250,"MUNCHKIN","MUNCHKIN FRESH FOOD FEEDER","BABY RANGE","BABY BOTTLES & OTHER DINNING UTENSILS",yes,0,no
257,"MUNCHKIN","MUNCHKIN MULTI CUPS 4PK","BABY RANGE","BABY BOTTLES & OTHER DINNING UTENSILS",yes,0,no
254,"MUNCHKIN","MUNCHKIN MULTI FORKS AND SPOONS 6PK","BABY RANGE","BABY BOTTLES & OTHER DINNING UTENSILS",yes,0,no
229,"MUNCHKIN","MUNCHKIN SCOOPER SPOON 2PK","BABY RANGE","BABY BOTTLES & OTHER DINNING UTENSILS",yes,0,no
252,"MUNCHKIN","MUNCHKIN SOFT TIP INFANT SPOONS 6PK","BABY RANGE","BABY BOTTLES & OTHER DINNING UTENSILS",yes,0,no
253,"MUNCHKIN","MUNCHKIN WHITE HOT SAFETY SPOONS 4PK","BABY RANGE","BABY BOTTLES & OTHER DINNING UTENSILS",yes,0,no
300,"NAIL","NAIL CARE SET HAPPY HANDS 0M+","BABY RANGE","BABY COSMETICS & BABY SKINCARE PRODUCTS",yes,0,no
18,"NAN","NAN OPTIPRO 1 650G","BABY RANGE","BABY MILK POWDER",yes,0,no
19,"NAN","NAN OPTIPRO 2 650G","BABY RANGE","BABY MILK POWDER",yes,0,no
20,"NAN","NAN OPTIPRO 3 650G","BABY RANGE","BABY MILK POWDER",yes,0,no
1,"NAN","NAN OPTIPRO N1 800G","BABY RANGE","BABY MILK POWDER",yes,0,no
2,"NAN","NAN OPTIPRO N2 800G","BABY RANGE","BABY MILK POWDER",yes,0,no
3,"NAN","NAN OPTIPRO N3 800G","BABY RANGE","BABY MILK POWDER",yes,0,no
367,"NAOMI","NAOMI PADS","MOTHER & LADY RANGE","FEMININE INTIMATE CARE TOILETRIES",yes,0,no
59,"NESTLE","NESTLE KASZKA MLECZNO-RYZOWA 5 OWOCOW 230G","BABY RANGE","BABY FOOD & CEREALS",yes,0,no
60,"NESTLE","NESTLE KASZKA MLECZNO-RYZOWA JABLKO BANAN GRUSZKA 230G","BABY RANGE","BABY FOOD & CEREALS",yes,0,no
58,"NESTLE","NESTLE KASZKA MLECZNO-RYZOWA JABLKO WISNIA 230G","BABY RANGE","BABY FOOD & CEREALS",yes,0,no
55,"NESTLE","NESTLE KASZKA MLECZNO-RYZOWA MALINA 230G","BABY RANGE","BABY FOOD & CEREALS",yes,0,no
52,"NESTLE","NESTLE SINLAC 500G","BABY RANGE","BABY FOOD & CEREALS",yes,0,no
487,"NEUTROGENA","NEUTROGENA HAND CREAM 50ML","COSMETICS & SKIN CARE RPDUCTS","FOOT & HAND CARE",yes,0,no
1039,"NEW","NEW ARRIVAL CAT EYE OPTICAL FRAMES FOR WOMEN","OTHERS","CHINA TOILETRIES",yes,0,no
1019,"NEW","NEW ARRIVAL CLASSIC ACETATE OPTICAL FRAMES FOR UNISEX","OTHERS","CHINA TOILETRIES",yes,0,no
1024,"NEW","NEW ARRIVAL TRANSPARENT OPTICAL FRAMES FOR LADIES","OTHERS","CHINA TOILETRIES",yes,0,no
1023,"NEW","NEW DESIGN ACETATE EYEWEAR MANUFACTURERS IN CHINA","OTHERS","CHINA TOILETRIES",yes,0,no
1014,"NEW","NEW DESIGN ACETATE SUNGLASSES POLARIZED LENS","OTHERS","CHINA TOILETRIES",yes,0,no
1041,"NEW","NEW MODEL ACETATE OPTICAL GLASSES FOR UNISEX","OTHERS","CHINA TOILETRIES",yes,0,no
1029,"NEW","NEW MODEL DIAMOND OPTICAL FRAMES FOR WOMEN","OTHERS","CHINA TOILETRIES",yes,0,no
492,"NIVEA","NIVEA MOISTURE CARE HAND CREAM 100ML","COSMETICS & SKIN CARE RPDUCTS","FOOT & HAND CARE",yes,0,no
485,"NIVEA","NIVEA Q10 HAND CREAM 30ML","COSMETICS & SKIN CARE RPDUCTS","FOOT & HAND CARE",yes,0,no
1061,"NO","NO NOISE HAIR CLIPPER","OTHERS","CHINA TOILETRIES",yes,120,no
156,"NUBY","NUBY BABY CUP 12-18M CUP  330ML","BABY RANGE","BABY BOTTLES & OTHER DINNING UTENSILS",yes,0,no
155,"NUBY","NUBY BABY CUP 4-12M CUP  240ML","BABY RANGE","BABY BOTTLES & OTHER DINNING UTENSILS",yes,0,no
157,"NUBY","NUBY BABY SPOON 4M  2PACK","BABY RANGE","BABY BOTTLES & OTHER DINNING UTENSILS",yes,0,no
158,"NUBY","NUBY SUCTION BABY BOWLS 2PK","BABY RANGE","BABY BOTTLES & OTHER DINNING UTENSILS",yes,8,no
213,"NUK","NUK FIRST CHOICE TEMPERATURE CONTROL BOTTLE 150ML 2PK","BABY RANGE","BABY BOTTLES & OTHER DINNING UTENSILS",yes,0,no
214,"NUK","NUK FIRST CHOICE TEMPERATURE CONTROL BOTTLE 300ML 1PK","BABY RANGE","BABY BOTTLES & OTHER DINNING UTENSILS",yes,0,no
176,"NUK","NUK FOOD POTS 6 M+","BABY RANGE","BABY BOTTLES & OTHER DINNING UTENSILS",yes,17,no
240,"NUK","NUK PERFECT MATCH PERFECT STARTER SET RAINBOW","BABY RANGE","BABY BOTTLES & OTHER DINNING UTENSILS",yes,0,no
160,"NUK","NUK TEAT 0-6 M","BABY RANGE","BABY BOTTLES & OTHER DINNING UTENSILS",yes,14,no
161,"NUK","NUK TEAT 6-18 M","BABY RANGE","BABY BOTTLES & OTHER DINNING UTENSILS",yes,10,no
576,"NURSES","NURSE'S WHITE COAT STOPPER SLEEVE WITH BLUE DESIGN LARGE","MEDICAL DEVICES & HOSPITAL NEEDS","MEDICAL NURSE'S LAB COAT WHITE STOPPER SLEEVE",no,0,no
575,"NURSES","NURSE'S WHITE COAT STOPPER SLEEVE WITH BLUE DESIGN MEDIUM","MEDICAL DEVICES & HOSPITAL NEEDS","MEDICAL NURSE'S LAB COAT WHITE STOPPER SLEEVE",no,0,no
574,"NURSES","NURSE'S WHITE COAT STOPPER SLEEVE WITH BLUE DESIGN SMALL","MEDICAL DEVICES & HOSPITAL NEEDS","MEDICAL NURSE'S LAB COAT WHITE STOPPER SLEEVE",no,0,no
577,"NURSES","NURSE'S WHITE COAT STOPPER SLEEVE WITH BLUE DESIGN X-LARGE","MEDICAL DEVICES & HOSPITAL NEEDS","MEDICAL NURSE'S LAB COAT WHITE STOPPER SLEEVE",no,0,no
578,"NURSES","NURSE'S WHITE COAT STOPPER SLEEVE WITH BLUE DESIGN XX-LARGE","MEDICAL DEVICES & HOSPITAL NEEDS","MEDICAL NURSE'S LAB COAT WHITE STOPPER SLEEVE",no,0,no
35,"NUTRILON","NUTRILON PRONUTRA  PORRIDGE WITH GOOD NIGHT FRUIT 225G, 6M+","BABY RANGE","BABY FOOD & CEREALS",yes,0,no
36,"NUTRILON","NUTRILON PRONUTRA MULTIGRAIN PORRIDGE WITH FRUITS 225G, 6M+","BABY RANGE","BABY FOOD & CEREALS",yes,0,no
37,"NUTRILON","NUTRILON PRONUTRA PORRIDGE 7 CEREALS WITH FRUITS 225G, 8M+","BABY RANGE","BABY FOOD & CEREALS",yes,0,no
8,"NUTRILON","NUTRILON  N0  3+ 800G","BABY RANGE","BABY MILK POWDER",yes,0,no
9,"NUTRILON","NUTRILON AR 1 800G","BABY RANGE","BABY MILK POWDER",yes,0,no
10,"NUTRILON","NUTRILON AR 2 800G","BABY RANGE","BABY MILK POWDER",yes,0,no
11,"NUTRILON","NUTRILON CONFORT COLIC 800G","BABY RANGE","BABY MILK POWDER",yes,0,no
4,"NUTRILON","NUTRILON N0 1 800G","BABY RANGE","BABY MILK POWDER",yes,0,no
6,"NUTRILON","NUTRILON N0 1+ 800G","BABY RANGE","BABY MILK POWDER",yes,0,no
5,"NUTRILON","NUTRILON N0 2 800G","BABY RANGE","BABY MILK POWDER",yes,0,no
7,"NUTRILON","NUTRILON N0 2+ 800G","BABY RANGE","BABY MILK POWDER",yes,0,no
994,"NYLON","NYLON LENSES(CLEAR) #CTR30-BB (27%-33% TINT)","OTHERS","CHINA TOILETRIES",yes,0,no
995,"NYLON","NYLON LENSES(LIGHT YELLOW) #CTR45-BB (42%-48% TINT)","OTHERS","CHINA TOILETRIES",yes,0,no
997,"NYLON","NYLON LENSES(RED) #CTR100 (96%-100% TINT)","OTHERS","CHINA TOILETRIES",yes,0,no
996,"NYLON","NYLON LENSES(TEA) #CTR50-BB (47%-53% TINT)","OTHERS","CHINA TOILETRIES",yes,0,no
335,"OB","OB Tampons - Original Normal 16 pieces","MOTHER & LADY RANGE","FEMININE INTIMATE CARE TOILETRIES",yes,0,no
338,"OB","OB Tampons - Original Super 16 pieces","MOTHER & LADY RANGE","FEMININE INTIMATE CARE TOILETRIES",yes,0,no
336,"OB","OB Tampons - Original Super Plus 16 pieces","MOTHER & LADY RANGE","FEMININE INTIMATE CARE TOILETRIES",yes,0,no
339,"OB","OB Tampons - Pro-Comfort Normal 16 pieces","MOTHER & LADY RANGE","FEMININE INTIMATE CARE TOILETRIES",yes,0,no
340,"OB","OB Tampons - Pro-Comfort Super 16 pieces","MOTHER & LADY RANGE","FEMININE INTIMATE CARE TOILETRIES",yes,0,no
337,"OB","OB Tampons - Pro-Comfort Super Plus 16 pieces","MOTHER & LADY RANGE","FEMININE INTIMATE CARE TOILETRIES",yes,0,no
178,"ONLY","ONLY BABY PACIFIER 0M+ GIRL","BABY RANGE","BABY BOTTLES & OTHER DINNING UTENSILS",yes,0,no
91,"ONLY","ONLY BABY FRUIT AND VEGETABLE FEEDER","BABY RANGE","BABY ORAL-CARE & HEALTH-CARE PRODUCTS",yes,0,no
327,"ONLY","ONLY BABY BREAST PADS","MOTHER & LADY RANGE","PREGNANT & BREASTFIDING MOTHER",yes,0,no
310,"ONLY","ONLY BABY BREAST PADS 30 PACK","MOTHER & LADY RANGE","PREGNANT & BREASTFIDING MOTHER",yes,0,no
311,"ONLY","ONLY BABY BREAST PADS 60 PACK","MOTHER & LADY RANGE","PREGNANT & BREASTFIDING MOTHER",yes,0,no
312,"ONLY","ONLY BABY BREAST PUMP","MOTHER & LADY RANGE","PREGNANT & BREASTFIDING MOTHER",yes,0,no
1076,"OPTIC","OPTIC WHITE OVERNIGHT WHITENING PEN","OTHERS","CHINA TOILETRIES",yes,100,no
67,"ORAL","ORAL B BABY TOOTH BRUSH 0-2Y+, (SINGLE PACK/ 1)","BABY RANGE","BABY ORAL-CARE & HEALTH-CARE PRODUCTS",yes,72,no
70,"ORAL","ORAL B ELECTRIC BRUSH KID FROZEN","BABY RANGE","BABY ORAL-CARE & HEALTH-CARE PRODUCTS",yes,0,no
69,"ORAL","ORAL B ELECTRIC BRUSH KID SPIDERMAN","BABY RANGE","BABY ORAL-CARE & HEALTH-CARE PRODUCTS",yes,0,no
66,"ORAL","ORAL B KID TOOTH BRUSH 3Y+ (TRIPLE PACK /3)","BABY RANGE","BABY ORAL-CARE & HEALTH-CARE PRODUCTS",yes,0,no
68,"ORAL","ORAL KIDS 3+ YEARS TOOTHBRUSH (SINLE PACK/1)","BABY RANGE","BABY ORAL-CARE & HEALTH-CARE PRODUCTS",yes,192,no
717,"ORAL","ORAL B ADULT TOOTHBRUSH B/4 BLACK","ORAL CARE & ACCESSORIES","ORAL CARE & ACCESSORIES",yes,216,no
730,"ORAL","ORAL B ELECTRIC BRUSH ADULT","ORAL CARE & ACCESSORIES","ORAL CARE & ACCESSORIES",yes,0,no
821,"ORAL","ORAL B BABY TOOTH BRUSH 0-2Y+, (SINGLE PACK/ 1)","ORAL CARE & ACCESSORIES","TOOTHBRUSH & FLOSS",yes,0,no
822,"ORAL","ORAL B CAVITY DEFENSE TOOTHBRUSH B/4","ORAL CARE & ACCESSORIES","TOOTHBRUSH & FLOSS",yes,0,no
851,"ORAL","ORAL B ESSENTIAL FLOSS 50M WAXED","ORAL CARE & ACCESSORIES","TOOTHBRUSH & FLOSS",yes,0,no
818,"ORAL","ORAL B KID TOOTH BRUSH 2Y+ (TRIPLE PACK /3)","ORAL CARE & ACCESSORIES","TOOTHBRUSH & FLOSS",yes,0,no
820,"ORAL","ORAL B KID TOOTH BRUSH 3Y+ (TRIPLE PACK /3)","ORAL CARE & ACCESSORIES","TOOTHBRUSH & FLOSS",yes,48,no
819,"ORAL","ORAL B KID TOOTH BRUSH 3Y+ B/1","ORAL CARE & ACCESSORIES","TOOTHBRUSH & FLOSS",yes,0,no
852,"ORAL","ORAL B TOOTH BRUSH B/3","ORAL CARE & ACCESSORIES","TOOTHBRUSH & FLOSS",yes,0,no
854,"ORAL","ORAL B TOOTH BRUSH B/3 ALL ROUND","ORAL CARE & ACCESSORIES","TOOTHBRUSH & FLOSS",yes,0,no
853,"ORAL","ORAL B TOOTH BRUSH B/3 EXTRA SOFT","ORAL CARE & ACCESSORIES","TOOTHBRUSH & FLOSS",yes,0,no
108,"ORALB","ORAL-B BABY 0-2 YEARS WINNIE THE POOH TOOTHPASTE","BABY RANGE","BABY ORAL-CARE & HEALTH-CARE PRODUCTS",yes,0,no
112,"ORALB","ORAL-B ELECTRIC BATTERY POWERED STAR WARS TOOTHBRUSH","BABY RANGE","BABY ORAL-CARE & HEALTH-CARE PRODUCTS",yes,0,no
109,"ORALB","ORAL-B JUNIOR ELECTRIC TOOTHBRUSH 6+","BABY RANGE","BABY ORAL-CARE & HEALTH-CARE PRODUCTS",yes,0,no
113,"ORALB","ORAL-B KIDS 0-3 YEARS TOOTHBRUSHES","BABY RANGE","BABY ORAL-CARE & HEALTH-CARE PRODUCTS",yes,0,no
114,"ORALB","ORAL-B KIDS 6+ YEARS TOOTHBRUSHES","BABY RANGE","BABY ORAL-CARE & HEALTH-CARE PRODUCTS",yes,0,no
95,"ORALB","ORAL-B KIDS REPLACEMENT","BABY RANGE","BABY ORAL-CARE & HEALTH-CARE PRODUCTS",yes,0,no
97,"ORALB","ORAL-B SINGLE BRUSH KID","BABY RANGE","BABY ORAL-CARE & HEALTH-CARE PRODUCTS",yes,0,no
110,"ORALB","ORAL-B TOOTHPASTE 3-5 YEARS","BABY RANGE","BABY ORAL-CARE & HEALTH-CARE PRODUCTS",yes,0,no
111,"ORALB","ORAL-B TOOTHPASTE 6+ YEARS","BABY RANGE","BABY ORAL-CARE & HEALTH-CARE PRODUCTS",yes,0,no
802,"ORALB","ORAL-B 3D WHITE LUXE PERFECTION MOUTHWASH 250ML","ORAL CARE & ACCESSORIES","MOUTHWASH",yes,0,no
804,"ORALB","ORAL-B PRO 3D WHITE LUXE GLAMOROUS RINSE SHINE MOUTHWASH 250ML","ORAL CARE & ACCESSORIES","MOUTHWASH",yes,0,no
803,"ORALB","ORAL-B PRO-EXPERT STRONG TEETH MOUTHWASH 250ML","ORAL CARE & ACCESSORIES","MOUTHWASH",yes,0,no
714,"ORALB","ORAL-B  PRO-EXPERT TOOTHPSTE 75ML","ORAL CARE & ACCESSORIES","ORAL CARE & ACCESSORIES",yes,0,no
712,"ORALB","ORAL-B  PRO-REPAIR TOOTHPSTE 75ML","ORAL CARE & ACCESSORIES","ORAL CARE & ACCESSORIES",yes,0,no
713,"ORALB","ORAL-B 3D WHITE ADVANCED CHARCOAL TOOTHPSTE 75ML","ORAL CARE & ACCESSORIES","ORAL CARE & ACCESSORIES",yes,0,no
765,"ORALB","ORAL-B 3D WHITE CHARCOAL TOOTHPASTE","ORAL CARE & ACCESSORIES","ORAL CARE & ACCESSORIES",yes,0,no
762,"ORALB","ORAL-B 3D WHITE LUXE PROTECTION TOOTHPASTE","ORAL CARE & ACCESSORIES","ORAL CARE & ACCESSORIES",yes,0,no
763,"ORALB","ORAL-B 3D WHITE LUXE VITALIZE&BRILLIANCE TOOTHPASTE","ORAL CARE & ACCESSORIES","ORAL CARE & ACCESSORIES",yes,0,no
710,"ORALB","ORAL-B 3D WHITE PERFECTION TOOTHPSTE 75ML","ORAL CARE & ACCESSORIES","ORAL CARE & ACCESSORIES",yes,0,no
711,"ORALB","ORAL-B 3D WHITE SENSIBILITY & GUM TOOTHPSTE 75ML","ORAL CARE & ACCESSORIES","ORAL CARE & ACCESSORIES",yes,0,no
764,"ORALB","ORAL-B COMPLETE EXTRA-WHITE TOOTHPASTE","ORAL CARE & ACCESSORIES","ORAL CARE & ACCESSORIES",yes,0,no
761,"ORALB","ORAL-B ELECTRIC TOOTHBRUSH THE IO SERIES BLACK","ORAL CARE & ACCESSORIES","ORAL CARE & ACCESSORIES",yes,0,no
846,"ORALB","ORAL-B ADULT REPLACEMENT","ORAL CARE & ACCESSORIES","TOOTHBRUSH & FLOSS",yes,0,no
860,"ORALB","ORAL-B ALL ROUND EXTRA SOFT CRISS CROSS TOOTHBRUSH 3PCK","ORAL CARE & ACCESSORIES","TOOTHBRUSH & FLOSS",yes,0,no
859,"ORALB","ORAL-B CHARCOAL WHITENING TOOTHBRUSH THERAPY SOFT 4CT","ORAL CARE & ACCESSORIES","TOOTHBRUSH & FLOSS",yes,0,no
858,"ORALB","ORAL-B PRO 3D WHITE BRILLANCE MEDIUM MANUAL TOOTHBRUSH","ORAL CARE & ACCESSORIES","TOOTHBRUSH & FLOSS",yes,0,no
842,"ORALB","ORAL-B PRO-EXPERT PREMIUM FLOSS","ORAL CARE & ACCESSORIES","TOOTHBRUSH & FLOSS",yes,0,no
857,"ORALB","ORAL-B SATIN FLOSS","ORAL CARE & ACCESSORIES","TOOTHBRUSH & FLOSS",yes,0,no
850,"ORALB","ORAL-B TOOTH BRUSH B/4","ORAL CARE & ACCESSORIES","TOOTHBRUSH & FLOSS",yes,0,no
830,"ORTHO","ORTHO CLEAN TOOTHBRUSH","ORAL CARE & ACCESSORIES","TOOTHBRUSH & FLOSS",yes,0,no
718,"ORTHOCLEAN","ORTHOCLEAN TOOTH PASTE (DOMAGE)","ORAL CARE & ACCESSORIES","ORAL CARE & ACCESSORIES",yes,0,no
1025,"OVERSIZED","OVERSIZED ACETATE OPTICAL FRAMES FOR LADIES","OTHERS","CHINA TOILETRIES",yes,0,no
279,"PAMPERS","PAMPERS  BABY DIAPERS  DRY S4, 9-14KG JP 66 PIECES","BABY RANGE","BABY DIAPERING & ACCESSORIES PRODUCTS",yes,0,no
280,"PAMPERS","PAMPERS DIAPERS  BABY DRY S5, 11-16KG JP 52 PIECES","BABY RANGE","BABY DIAPERING & ACCESSORIES PRODUCTS",yes,0,no
281,"PAMPERS","PAMPERS DIAPERS  S6 16KG+, JP44","BABY RANGE","BABY DIAPERING & ACCESSORIES PRODUCTS",yes,0,no
264,"PAMPERS","PAMPERS N02  (3-8 KG) MINI PACK 40 PIECES","BABY RANGE","BABY DIAPERING & ACCESSORIES PRODUCTS",yes,0,no
269,"PAMPERS","PAMPERS N02 (2-5KG)  102 PCs DOUBLE PCK","BABY RANGE","BABY DIAPERING & ACCESSORIES PRODUCTS",yes,0,no
277,"PAMPERS","PAMPERS NEW BABY DIAPERS  DRY S2, 3-6KG JP 94 PIECES","BABY RANGE","BABY DIAPERING & ACCESSORIES PRODUCTS",yes,0,no
278,"PAMPERS","PAMPERS NEW BABY DIAPERS  DRY S3, 6-10KG JP 76 PIECES","BABY RANGE","BABY DIAPERING & ACCESSORIES PRODUCTS",yes,0,no
270,"PAMPERS","PAMPERS NO 3 BIG  (6-10 KG) 98 PIECES","BABY RANGE","BABY DIAPERING & ACCESSORIES PRODUCTS",yes,0,no
265,"PAMPERS","PAMPERS NO 3 SMALL  (6-10 KG) 30PIECES","BABY RANGE","BABY DIAPERING & ACCESSORIES PRODUCTS",yes,0,no
271,"PAMPERS","PAMPERS NO 4 (9-14KG) 84 PIECES","BABY RANGE","BABY DIAPERING & ACCESSORIES PRODUCTS",yes,0,no
267,"PAMPERS","PAMPERS NO 5 SMALL (11-16KG) 23 PIECE","BABY RANGE","BABY DIAPERING & ACCESSORIES PRODUCTS",yes,0,no
273,"PAMPERS","PAMPERS NO 6 (13-18KG) 62 PIECE","BABY RANGE","BABY DIAPERING & ACCESSORIES PRODUCTS",yes,0,no
268,"PAMPERS","PAMPERS NO 6 SMALL  (13-18KG) 19PIECE","BABY RANGE","BABY DIAPERING & ACCESSORIES PRODUCTS",yes,0,no
274,"PAMPERS","PAMPERS NO 7 (15+KG) 52 PIECES","BABY RANGE","BABY DIAPERING & ACCESSORIES PRODUCTS",yes,0,no
275,"PAMPERS","PAMPERS NO 8 (17+KG) 52 PIECE","BABY RANGE","BABY DIAPERING & ACCESSORIES PRODUCTS",yes,0,no
266,"PAMPERS","PAMPERS NO4 SMALL (9-14KG) 25 PIECE","BABY RANGE","BABY DIAPERING & ACCESSORIES PRODUCTS",yes,0,no
276,"PAMPERS","PAMPERS WIPES 52 PIECES","BABY RANGE","BABY DIAPERING & ACCESSORIES PRODUCTS",yes,0,no
272,"PAMPESR","PAMPESR N0 5 (11-16KG) 72 PIECES","BABY RANGE","BABY DIAPERING & ACCESSORIES PRODUCTS",yes,0,no
729,"PARADONTAX","PARADONTAX GENSIVE HALEON TOOTH PASTE","ORAL CARE & ACCESSORIES","ORAL CARE & ACCESSORIES",yes,2,no
728,"PARADONTAX","PARADONTAX GENSIVE WHITENING TOOTH PASTE","ORAL CARE & ACCESSORIES","ORAL CARE & ACCESSORIES",yes,0,no
727,"PARADONTAX","PARADONTAX ORGINAL TOOTH PASTE","ORAL CARE & ACCESSORIES","ORAL CARE & ACCESSORIES",yes,0,no
726,"PARADONTAX","PARADONTAX WHITENING TOOTH PASTE","ORAL CARE & ACCESSORIES","ORAL CARE & ACCESSORIES",yes,0,no
862,"PARODONTAX","PARODONTAX EXPERT CLEAN EXTRA SOFT TOOTHBRUSH 3 PIECES","ORAL CARE & ACCESSORIES","TOOTHBRUSH & FLOSS",yes,0,no
990,"PC","PC LENS(CLEAR) #PC 20 -G0 (17-23% TINT)","OTHERS","CHINA TOILETRIES",yes,0,no
991,"PC","PC LENS(LIGHT YELLOW) #PC 40 (37%-43% TINT)","OTHERS","CHINA TOILETRIES",yes,0,no
992,"PC","PC LENSES (ORANGE) #PC90 (87%-93% TINT)","OTHERS","CHINA TOILETRIES",yes,0,no
993,"PC","PC LENSES(RED) #PC100 (96%-100% TINT)","OTHERS","CHINA TOILETRIES",yes,0,no
258,"PHILIPS","PHILIPS AVENT AIR SOOTHER BOY 6-12M 2PK","BABY RANGE","BABY BOTTLES & OTHER DINNING UTENSILS",yes,0,no
259,"PHILIPS","PHILIPS AVENT AIR SOOTHER GIRL 6-12M 2PK","BABY RANGE","BABY BOTTLES & OTHER DINNING UTENSILS",yes,0,no
126,"PHILIPS","PHILIPS AVENT ANTI-COLIC BOTTLE WITH AIRFREE, MILK RELEASE VALVE, 11OZ/330ML 1 PACK","BABY RANGE","BABY BOTTLES & OTHER DINNING UTENSILS",yes,0,no
125,"PHILIPS","PHILIPS AVENT ANTI-COLIC BOTTLE WITH AIRFREE, MILK RELEASE VALVE, 9OZ/260ML 1 PACK","BABY RANGE","BABY BOTTLES & OTHER DINNING UTENSILS",yes,0,no
132,"PHILIPS","PHILIPS AVENT BREAST PADS, BOX OF 24 PIECES","BABY RANGE","BABY BOTTLES & OTHER DINNING UTENSILS",yes,0,no
131,"PHILIPS","PHILIPS AVENT BREAST PADS, BOX OF 60 PIECES","BABY RANGE","BABY BOTTLES & OTHER DINNING UTENSILS",yes,0,no
130,"PHILIPS","PHILIPS AVENT DOUBLE ELECTRIC BREAST PUMP 2 BOTTLES OF MILK","BABY RANGE","BABY BOTTLES & OTHER DINNING UTENSILS",yes,0,no
127,"PHILIPS","PHILIPS AVENT DRINKING CUP WITH STRAW 200ML, (9M+)","BABY RANGE","BABY BOTTLES & OTHER DINNING UTENSILS",yes,0,no
128,"PHILIPS","PHILIPS AVENT DRINKING CUP WITH STRAW 300ML, (12M+)","BABY RANGE","BABY BOTTLES & OTHER DINNING UTENSILS",yes,0,no
129,"PHILIPS","PHILIPS AVENT MANUAL BREAST PUMP 1 BOTTLE OF MILK","BABY RANGE","BABY BOTTLES & OTHER DINNING UTENSILS",yes,0,no
121,"PHILIPS","PHILIPS AVENT NATURAL DESIGN BABY MILK BOTTLE , 9 OZ/ 260ML 1BOTTLES PACK","BABY RANGE","BABY BOTTLES & OTHER DINNING UTENSILS",yes,0,no
120,"PHILIPS","PHILIPS AVENT NATURAL DESIGN BABY MILK BOTTLE , 9 OZ/ 260ML 2 BOTTLES PACK","BABY RANGE","BABY BOTTLES & OTHER DINNING UTENSILS",yes,0,no
241,"PHILIPS","PHILIPS AVENT NATURAL RESPONSE 3.0 BOTTLE 125ML","BABY RANGE","BABY BOTTLES & OTHER DINNING UTENSILS",yes,0,no
242,"PHILIPS","PHILIPS AVENT NATURAL RESPONSE 3.0 BOTTLE 260ML","BABY RANGE","BABY BOTTLES & OTHER DINNING UTENSILS",yes,0,no
243,"PHILIPS","PHILIPS AVENT NATURAL RESPONSE 3.0 BOTTLE 260ML 2PK","BABY RANGE","BABY BOTTLES & OTHER DINNING UTENSILS",yes,0,no
244,"PHILIPS","PHILIPS AVENT NATURAL RESPONSE 3.0 BOTTLE 330ML","BABY RANGE","BABY BOTTLES & OTHER DINNING UTENSILS",yes,0,no
245,"PHILIPS","PHILIPS AVENT NATURAL RESPONSE 3.0 BOTTLE 330ML 2PK","BABY RANGE","BABY BOTTLES & OTHER DINNING UTENSILS",yes,0,no
249,"PHILIPS","PHILIPS AVENT NATURAL RESPONSE 3.0 SET","BABY RANGE","BABY BOTTLES & OTHER DINNING UTENSILS",yes,0,no
246,"PHILIPS","PHILIPS AVENT NATURAL RESPONSE 3.0 TEAT LEVEL 2 0M+ 2PK","BABY RANGE","BABY BOTTLES & OTHER DINNING UTENSILS",yes,0,no
247,"PHILIPS","PHILIPS AVENT NATURAL RESPONSE 3.0 TEAT LEVEL 4 3M+ 2PK","BABY RANGE","BABY BOTTLES & OTHER DINNING UTENSILS",yes,0,no
248,"PHILIPS","PHILIPS AVENT NATURAL RESPONSE 3.0 TEAT LEVEL 6 6M+ 2PK","BABY RANGE","BABY BOTTLES & OTHER DINNING UTENSILS",yes,0,no
118,"PHILIPS","PHILIPS AVENT PHILIPS AVENT  BABY BOTTLE 4OZ/ 125ML (SHRINK WRAP), 1PACK","BABY RANGE","BABY BOTTLES & OTHER DINNING UTENSILS",yes,0,no
119,"PHILIPS","PHILIPS AVENT PHILIPS AVENT  BABY BOTTLE 4OZ/ 125ML (SHRINK WRAP), 2PACK","BABY RANGE","BABY BOTTLES & OTHER DINNING UTENSILS",yes,0,no
123,"PHILIPS","PHILIPS AVENT SIMULATED NATURAL BABY BOTTLE 330ML/11 OZ, 1 MILK BOTTLE PACK","BABY RANGE","BABY BOTTLES & OTHER DINNING UTENSILS",yes,3,no
122,"PHILIPS","PHILIPS AVENT SIMULATED NATURAL BABY BOTTLE 330ML/11 OZ, 2 MILK BOTTLE PACK","BABY RANGE","BABY BOTTLES & OTHER DINNING UTENSILS",yes,0,no
133,"PHILIPS","PHILIPS AVENT SUCETTE  0-6M GIRL PAIR","BABY RANGE","BABY BOTTLES & OTHER DINNING UTENSILS",yes,0,no
134,"PHILIPS","PHILIPS AVENT SUCETTE 0-6M BOY PAIR","BABY RANGE","BABY BOTTLES & OTHER DINNING UTENSILS",yes,0,no
136,"PHILIPS","PHILIPS AVENT SUCETTE 6-18M BOY PAIR","BABY RANGE","BABY BOTTLES & OTHER DINNING UTENSILS",yes,0,no
135,"PHILIPS","PHILIPS AVENT SUCETTE 6-18M GIRL PAIR","BABY RANGE","BABY BOTTLES & OTHER DINNING UTENSILS",yes,0,no
138,"PHILIPS","PHILIPS AVENT TEAT 0M+ PAIR","BABY RANGE","BABY BOTTLES & OTHER DINNING UTENSILS",yes,0,no
139,"PHILIPS","PHILIPS AVENT TEAT 3M+ PAIR","BABY RANGE","BABY BOTTLES & OTHER DINNING UTENSILS",yes,0,no
137,"PHILIPS","PHILIPS AVENT TEAT 6M+ PAIR","BABY RANGE","BABY BOTTLES & OTHER DINNING UTENSILS",yes,0,no
333,"PHILIPS","PHILIPS AVENT NIPPLE SHIELD MEDIUM 2PK","MOTHER & LADY RANGE","PREGNANT & BREASTFIDING MOTHER",yes,0,no
1046,"PHYSICAL","PHYSICAL ACTIVITY WATCH","OTHERS","CHINA TOILETRIES",yes,60,no
1065,"PLUSH","PLUSH BOTTLE COVER 2L","OTHERS","CHINA TOILETRIES",yes,0,no
1131,"PP","PP BABY MILK POWDER BOX SET WITH DISPENSERS","OTHERS","CHINA TOILETRIES",yes,0,no
329,"PREGOMEGA","PREGOMEGA PLUS 30","MOTHER & LADY RANGE","PREGNANT & BREASTFIDING MOTHER",yes,0,no
1140,"PROFESSIONAL","PROFESSIONAL NAIL CUTTER WITH STAINLESS STEEL SHARP AND DURABLE NAIL CLIPPER","OTHERS","CHINA TOILETRIES",yes,0,no
1090,"PROHEALTH","PRO-HEALTH ANTIBACTERIAL BREATH MIST CLEAN MINT 13ML","OTHERS","CHINA TOILETRIES",yes,100,no
1049,"Q1","Q1 BEADS WOODEN BACK REST CAR CHAIR","OTHERS","CHINA TOILETRIES",yes,60,no
90,"QUTIC","QUTIC NASAL ASPIRATOR","BABY RANGE","BABY ORAL-CARE & HEALTH-CARE PRODUCTS",yes,0,no
307,"QUTIE","QUTIE NASAL ASPIRATOR","BABY RANGE","NEW ARRIVALS",yes,288,no
1018,"READY","READY STOCK ACETATE OPTICAL FRAMES FOR UNISEX","OTHERS","CHINA TOILETRIES",yes,0,no
1122,"REUSABLE","REUSABLE TPU MEDICAL ICE BAGS WATERPROOF FIRST AID INSULATED COOLER PACK FOR SPORTS INJURIES HOT REHABILITATION THERAPY SUPPLIES","OTHERS","CHINA TOILETRIES",yes,0,no
431,"ROGE","ROGE CAVAILLES SOIN TOILETTE INTIME MYCOLEA+ 250ML","COSMETICS & SKIN CARE RPDUCTS","FACE CARE",yes,0,no
1004,"ROUND","ROUND CLIP-ON SUNGLASSES – MAGNETIC CLIP FRAME FOR WOMEN","OTHERS","CHINA TOILETRIES",yes,0,no
1038,"ROUND","ROUND VINTAGE ACETATE OPTICAL FRAMES FOR UNISEX","OTHERS","CHINA TOILETRIES",yes,0,no
545,"SCRUB","SCRUB JACKET +TROUSER DARK RED SMALL","MEDICAL DEVICES & HOSPITAL NEEDS","MEDICAL SCRUBS UNIFORM SHORT SLEEVE",yes,1,no
546,"SCRUB","SCRUB JACKET +TROUSER DARK RED XX-LARGE","MEDICAL DEVICES & HOSPITAL NEEDS","MEDICAL SCRUBS UNIFORM SHORT SLEEVE",yes,0,no
548,"SCRUB","SCRUB JACKET +TROUSER WHITE MEDIUM","MEDICAL DEVICES & HOSPITAL NEEDS","MEDICAL SCRUBS UNIFORM SHORT SLEEVE",yes,0,no
547,"SCRUB","SCRUB JACKET +TROUSER WHITE SMALL","MEDICAL DEVICES & HOSPITAL NEEDS","MEDICAL SCRUBS UNIFORM SHORT SLEEVE",yes,1,no
480,"SEBAMED","SEBAMED MOISTURIZING LOTION 750ML","COSMETICS & SKIN CARE RPDUCTS","FACE CARE",yes,0,no
873,"SECRET","SECRET ALUMINIUM FREE 48H, PH BALANCED CHERRY & BLOSSOM","MEDICATED FLAGRANCE & PARFUMS & ROLL-ONS","MEDICATED FLAGRANCE & PARFUMS & ROLL-ONS",yes,0,no
866,"SECRET","SECRET ALUMINIUM FREE 72H CLINICALLY PROVEN  WOMEN","MEDICATED FLAGRANCE & PARFUMS & ROLL-ONS","MEDICATED FLAGRANCE & PARFUMS & ROLL-ONS",yes,0,no
724,"SENSODYNE","SENSODYNE COMPLETE &COOL MINT TOOTH PASTE","ORAL CARE & ACCESSORIES","ORAL CARE & ACCESSORIES",yes,0,no
723,"SENSODYNE","SENSODYNE COMPLETE &WHITENING TOOTH PASTE","ORAL CARE & ACCESSORIES","ORAL CARE & ACCESSORIES",yes,0,no
725,"SENSODYNE","SENSODYNE REPAIR & PROTECT TOOTH PASTE","ORAL CARE & ACCESSORIES","ORAL CARE & ACCESSORIES",yes,0,no
773,"SENSODYNE","SENSODYNE SENSITIVITY & GUM TRAVEL SIZE 15ML","ORAL CARE & ACCESSORIES","ORAL CARE & ACCESSORIES",yes,0,no
721,"SENSODYNE","SENSODYNE SINGLE TOOTH BRUSH DOMAGED","ORAL CARE & ACCESSORIES","ORAL CARE & ACCESSORIES",yes,0,no
715,"SENSODYNE","SENSODYNE SOFT SINGLE TOOTHBRUSH","ORAL CARE & ACCESSORIES","ORAL CARE & ACCESSORIES",yes,0,no
716,"SENSODYNE","SENSODYNE SOFT TOOTHBRUSH B/4","ORAL CARE & ACCESSORIES","ORAL CARE & ACCESSORIES",yes,0,no
722,"SENSODYNE","SENSODYNE TOOTH PASTE GENSIVE","ORAL CARE & ACCESSORIES","ORAL CARE & ACCESSORIES",yes,0,no
861,"SENSODYNE","SENSODYNE GENTLE CARE SOFT TOOTHBRUSH 3 PCS","ORAL CARE & ACCESSORIES","TOOTHBRUSH & FLOSS",yes,0,no
817,"SENSODYNE","SENSODYNE SINGLE TOOTH  BRUSH (SINGLE PACK/1)","ORAL CARE & ACCESSORIES","TOOTHBRUSH & FLOSS",yes,0,no
816,"SENSODYNE","SENSODYNE TOOTH BRUSH B/3","ORAL CARE & ACCESSORIES","TOOTHBRUSH & FLOSS",yes,0,no
823,"SIGNAL","SIGNAL KID TOOTH BRUSH 3-8Y+","ORAL CARE & ACCESSORIES","TOOTHBRUSH & FLOSS",yes,0,no
301,"SILENT","SILENT CHICCO BABY HAIR CLIPPER","BABY RANGE","BABY COSMETICS & BABY SKINCARE PRODUCTS",yes,0,no
1081,"SILICONE","SILICONE BABY FINGER TOOTHBRUSH","OTHERS","CHINA TOILETRIES",yes,10000,no
1129,"SILICONE","SILICONE PP PACIFIER FRUIT FEEDER BABY ACCESSORY 0-12 MONTHS","OTHERS","CHINA TOILETRIES",yes,0,no
1083,"SILICONE","SILICONE TOOTHBRUSH WITH TONGUE SCRAPER","OTHERS","CHINA TOILETRIES",yes,500,no
1072,"SJ","SJ STERILE NON WOVEN ALCOHOL SWAB CHEAP PRICE 70% ISOPROPYL ALCOHOL PREP PADS 60MM MEDICAL GRADE ALCOHOL SWABS","OTHERS","CHINA TOILETRIES",yes,500,no
650,"SMALL","SMALL BAG","HOUSEHOLD & HOME NEEDS PRODUCTS","HOUSEHOLD & HOME NEEDS PRODUCTS",no,421,no
382,"SMOOTH","SMOOTH RAZOR BLADE WITH REPLACEMENT MEN","FATHER CARE & GROOMING","FATHER CARE & GROOMING",yes,0,no
379,"SMOOTH","SMOOTH SHAVER TRIPPLE BLADE RAZOR","FATHER CARE & GROOMING","FATHER CARE & GROOMING",yes,144,no
508,"SMOOTH","SMOOTH RAZOR BLADE WITH REPLACEMENT WOMEN","PERSONAL CARE & HYGIENICS","PERSONAL CARE & HYGIENICS",yes,0,no
185,"SOFT","SOFT SILICONE SPOON 6M+","BABY RANGE","BABY BOTTLES & OTHER DINNING UTENSILS",yes,0,no
1080,"SOFT","SOFT BRISTLE TOOTHBRUSH 6PCS PACK","OTHERS","CHINA TOILETRIES",yes,100,no
1071,"SOFT","SOFT FOAM EAR PLUGS SOUND INSULATION EAR PROTECTION EARPLUGS ANTI NOISE SNORING SLEEPING PLUGS FOR TRAVEL NOISE REDUCTION","OTHERS","CHINA TOILETRIES",yes,0,no
1036,"SQUARE","SQUARE TRENDY ACETATE EYEGLASSES FOR UNISEX","OTHERS","CHINA TOILETRIES",yes,0,no
1142,"STACKED","STACKED LUNCH BOX SET WITH INSULATED BAG (BEIGE)","OTHERS","CHINA TOILETRIES",yes,0,no
1135,"STANDARD","STANDARD CALIBER BREAST PUMP ELECTRIC WEARSBLE FREE","OTHERS","CHINA TOILETRIES",yes,0,no
65,"STEP","STEP B STEP 3-5 Y+ TOOTH BRUSH","BABY RANGE","BABY ORAL-CARE & HEALTH-CARE PRODUCTS",yes,0,no
98,"STEP","STEP BY STEP 0-3 TOOTH PASTE (DOMADE)","BABY RANGE","BABY ORAL-CARE & HEALTH-CARE PRODUCTS",yes,0,no
61,"STEP","STEP BY STEP 0-3 TOOTH PASTE 50ML","BABY RANGE","BABY ORAL-CARE & HEALTH-CARE PRODUCTS",yes,0,no
99,"STEP","STEP BY STEP 4Y+ TOOTH PASTE (DOMADE)","BABY RANGE","BABY ORAL-CARE & HEALTH-CARE PRODUCTS",yes,0,no
62,"STEP","STEP BY STEP 4Y+ TOOTH PASTE 50ML","BABY RANGE","BABY ORAL-CARE & HEALTH-CARE PRODUCTS",yes,0,no
64,"STEP","STEP BY STEP 6Y+ TOOTH BRUSH","BABY RANGE","BABY ORAL-CARE & HEALTH-CARE PRODUCTS",yes,0,no
63,"STEP","STEP BY STEP TOOTH BRUSH 0-2","BABY RANGE","BABY ORAL-CARE & HEALTH-CARE PRODUCTS",yes,0,no
1073,"STERILE","[STERILE 500G]MEDICAL COTTON BALL FOR HEMOSTASIS,DISPOSABLE HEMOSTASIS,COTTON BALL,COTTON SWAB;STOP BLEEDING.","OTHERS","CHINA TOILETRIES",yes,500,no
203,"STERINATURAL","STERINATURAL 3 IN 1","BABY RANGE","BABY BOTTLES & OTHER DINNING UTENSILS",yes,0,no
647,"STETOSCOPE","STETOSCOPE","MEDICAL DEVICES & HOSPITAL NEEDS","OTHER MEDICAL DEVICES & PARAPHARMACEUTICALS",yes,0,no
295,"SUDOCREAM","SUDOCREAM 125g","BABY RANGE","BABY COSMETICS & BABY SKINCARE PRODUCTS",yes,0,no
296,"SUDOCREAM","SUDOCREAM 250g","BABY RANGE","BABY COSMETICS & BABY SKINCARE PRODUCTS",yes,0,no
294,"SUDOCREAM","SUDOCREAM 60g","BABY RANGE","BABY COSMETICS & BABY SKINCARE PRODUCTS",yes,0,no
395,"SUNLIFE","SUNLIFE MULTIVITAMIN & MINERALS EFF 20 TABS","DIETS & NATURAL REMEDY & FOOD SUPPLEMENTS","DIETS & NATURAL REMEDY & FOOD SUPPLEMENTS",yes,0,no
639,"SURGEONS","SURGEON'S HEAD COVER HAT","MEDICAL DEVICES & HOSPITAL NEEDS","OTHER MEDICAL DEVICES & PARAPHARMACEUTICALS",yes,0,no
701,"Sensodyne","Sensodyne 75ml gentle whitening toothpaste","ORAL CARE & ACCESSORIES","ORAL CARE & ACCESSORIES",yes,0,no
702,"Sensodyne","Sensodyne 75ml pronamel whitening toothpaste","ORAL CARE & ACCESSORIES","ORAL CARE & ACCESSORIES",yes,0,no
867,"Suave","Suave Men Aluminum-Free Deodorant ocean charge 48h, 76g","MEDICATED FLAGRANCE & PARFUMS & ROLL-ONS","MEDICATED FLAGRANCE & PARFUMS & ROLL-ONS",yes,0,no
100,"TARGET","TARGET BABY COTTON SWABS B/55","BABY RANGE","BABY ORAL-CARE & HEALTH-CARE PRODUCTS",yes,0,no
856,"TARGET","TARGET DENTAL FLOSS BLACK B/25","ORAL CARE & ACCESSORIES","TOOTHBRUSH & FLOSS",yes,0,no
855,"TARGET","TARGET DENTAL FLOSS WHITE B/25","ORAL CARE & ACCESSORIES","TOOTHBRUSH & FLOSS",yes,42,no
510,"TARGET","TARGET COTTON SWABS ADULT B/200","PERSONAL CARE & HYGIENICS","PERSONAL CARE & HYGIENICS",yes,0,no
514,"TARGET","TARGET COTTON SWABS B/100 PINK","PERSONAL CARE & HYGIENICS","PERSONAL CARE & HYGIENICS",no,143,no
512,"TARGET","TARGET TIGE COTTON B/100 BLUE","PERSONAL CARE & HYGIENICS","PERSONAL CARE & HYGIENICS",no,0,no
513,"TARGET","TARGET TIGE COTTON B/100 GREEN","PERSONAL CARE & HYGIENICS","PERSONAL CARE & HYGIENICS",no,0,no
511,"TARGET","TARGET TIGE COTTON B/100 WHITE","PERSONAL CARE & HYGIENICS","PERSONAL CARE & HYGIENICS",no,0,no
1053,"TEENS","TEENS KIDS PAIR BOY-GIRL BATH GLOVES","OTHERS","CHINA TOILETRIES",yes,0,no
648,"TENSIOMETRE","TENSIOMETRE","MEDICAL DEVICES & HOSPITAL NEEDS","OTHER MEDICAL DEVICES & PARAPHARMACEUTICALS",yes,0,no
905,"TGIN","TGIN BUTTER CREAM DAILY MOISTURIZER 12 OZ","HAIRCARE PRODUCTS & ACCESSORIES","HAIRCARE PRODUCTS & ACCESSORIES",yes,0,no
906,"TGIN","TGIN GREEN TEA SUPER MOIST LEAVE IN CONDITIONER 13 OZ","HAIRCARE PRODUCTS & ACCESSORIES","HAIRCARE PRODUCTS & ACCESSORIES",yes,0,no
907,"TGIN","TGIN HONEY HAIR HYDRATING MILK 7.5 OZ","HAIRCARE PRODUCTS & ACCESSORIES","HAIRCARE PRODUCTS & ACCESSORIES",yes,0,no
908,"TGIN","TGIN HONEY WHIP HYDRATING MOUSSE 7.5 OZ","HAIRCARE PRODUCTS & ACCESSORIES","HAIRCARE PRODUCTS & ACCESSORIES",yes,0,no
913,"TGIN","TGIN MIRACLE REPAIRX ANTI-BREAKAGE SERUM 4OZ","HAIRCARE PRODUCTS & ACCESSORIES","HAIRCARE PRODUCTS & ACCESSORIES",yes,0,no
915,"TGIN","TGIN MIRACLE REPAIRX CPR PROTEIN TREATMEANT 12OZ","HAIRCARE PRODUCTS & ACCESSORIES","HAIRCARE PRODUCTS & ACCESSORIES",yes,0,no
914,"TGIN","TGIN MIRACLE REPAIRX DEEP HYDRATING HAIR MASK 12OZ","HAIRCARE PRODUCTS & ACCESSORIES","HAIRCARE PRODUCTS & ACCESSORIES",yes,0,no
910,"TGIN","TGIN MOISTURE RICH SULFATE FREE CONDITIONNER 13 OZ","HAIRCARE PRODUCTS & ACCESSORIES","HAIRCARE PRODUCTS & ACCESSORIES",yes,0,no
909,"TGIN","TGIN MOISTURE RICH SULFATE FREE SHAMPOO 13 OZ","HAIRCARE PRODUCTS & ACCESSORIES","HAIRCARE PRODUCTS & ACCESSORIES",yes,0,no
911,"TGIN","TGIN ROSE WATER CURL REFRESHER 8 OZ","HAIRCARE PRODUCTS & ACCESSORIES","HAIRCARE PRODUCTS & ACCESSORIES",yes,0,no
912,"TGIN","TGIN ROSE WATER HYDRATING STYLING LOTION 8OZ","HAIRCARE PRODUCTS & ACCESSORIES","HAIRCARE PRODUCTS & ACCESSORIES",yes,0,no
938,"TGIN","TGIN TWIST & DEFINE CREAM 12OZ","HAIRCARE PRODUCTS & ACCESSORIES","HAIRCARE PRODUCTS & ACCESSORIES",yes,0,no
177,"TOMME","TOMME BRUSH AND COMB SET","BABY RANGE","BABY BOTTLES & OTHER DINNING UTENSILS",yes,0,no
154,"TOMME","TOMME TIPPEE HEAT SENSE SPOON  2 PACK","BABY RANGE","BABY BOTTLES & OTHER DINNING UTENSILS",yes,0,no
166,"TOMMEE","TOMMEE TEAT 3 M+","BABY RANGE","BABY BOTTLES & OTHER DINNING UTENSILS",yes,1,no
238,"TOMMEE","TOMMEE TIPPEE 360 HANDLED CUP 200ML","BABY RANGE","BABY BOTTLES & OTHER DINNING UTENSILS",yes,0,no
153,"TOMMEE","TOMMEE TIPPEE BIG KID SPOON & FORK PACK","BABY RANGE","BABY BOTTLES & OTHER DINNING UTENSILS",yes,0,no
208,"TOMMEE","TOMMEE TIPPEE CLOSER TO NATURE BOTTLE 150ML 3PK","BABY RANGE","BABY BOTTLES & OTHER DINNING UTENSILS",yes,0,no
210,"TOMMEE","TOMMEE TIPPEE CLOSER TO NATURE BOTTLE 260ML 1PK","BABY RANGE","BABY BOTTLES & OTHER DINNING UTENSILS",yes,0,no
209,"TOMMEE","TOMMEE TIPPEE CLOSER TO NATURE BOTTLE 260ML 3PK","BABY RANGE","BABY BOTTLES & OTHER DINNING UTENSILS",yes,0,no
211,"TOMMEE","TOMMEE TIPPEE CLOSER TO NATURE BOTTLE 340ML 2PK","BABY RANGE","BABY BOTTLES & OTHER DINNING UTENSILS",yes,0,no
207,"TOMMEE","TOMMEE TIPPEE CLOSER TO NATURE FAST FLOW TEAT 2PK","BABY RANGE","BABY BOTTLES & OTHER DINNING UTENSILS",yes,0,no
206,"TOMMEE","TOMMEE TIPPEE CLOSER TO NATURE MEDIUM FLOW TEAT 2PK","BABY RANGE","BABY BOTTLES & OTHER DINNING UTENSILS",yes,0,no
226,"TOMMEE","TOMMEE TIPPEE CLOSER TO NATURE MODA SOOTHER 0-6M 2PK","BABY RANGE","BABY BOTTLES & OTHER DINNING UTENSILS",yes,0,no
227,"TOMMEE","TOMMEE TIPPEE CLOSER TO NATURE MODA SOOTHER 6-18M 2PK","BABY RANGE","BABY BOTTLES & OTHER DINNING UTENSILS",yes,0,no
263,"TOMMEE","TOMMEE TIPPEE CLOSER TO NATURE NEW BORN SET","BABY RANGE","BABY BOTTLES & OTHER DINNING UTENSILS",yes,0,no
205,"TOMMEE","TOMMEE TIPPEE CLOSER TO NATURE SLOW TEAT 2PK","BABY RANGE","BABY BOTTLES & OTHER DINNING UTENSILS",yes,0,no
261,"TOMMEE","TOMMEE TIPPEE CLOSER TO NATURE TEAT 0M+","BABY RANGE","BABY BOTTLES & OTHER DINNING UTENSILS",yes,0,no
262,"TOMMEE","TOMMEE TIPPEE CLOSER TO NATURE TEAT 6M+","BABY RANGE","BABY BOTTLES & OTHER DINNING UTENSILS",yes,0,no
260,"TOMMEE","TOMMEE TIPPEE COLOR MY WORLD BOTTLE SET","BABY RANGE","BABY BOTTLES & OTHER DINNING UTENSILS",yes,0,no
212,"TOMMEE","TOMMEE TIPPEE FIESTA BOTTLES 260ML 6PK","BABY RANGE","BABY BOTTLES & OTHER DINNING UTENSILS",yes,0,no
305,"TOMMEE","TOMMEE TIPPEE CLOSER TO NATURE BABY CARE GROOMING KIT","BABY RANGE","BABY COSMETICS & BABY SKINCARE PRODUCTS",yes,0,no
116,"TOMMEE","TOMMEE TIPPEE HEALTHCARE KIT","BABY RANGE","BABY ORAL-CARE & HEALTH-CARE PRODUCTS",yes,0,no
316,"TOMMEE","TOMMEE TIPPE BREAST PADS B/40","MOTHER & LADY RANGE","PREGNANT & BREASTFIDING MOTHER",yes,0,no
1105,"TONGUE","TONGUE CLEANER","OTHERS","CHINA TOILETRIES",yes,0,no
1106,"TONGUE","TONGUE CLEANER LUX","OTHERS","CHINA TOILETRIES",yes,0,no
1104,"TOOTHBRUSH","TOOTHBRUSH HEAD COVER","OTHERS","CHINA TOILETRIES",yes,0,no
700,"TOOTHPASTE","TOOTHPASTE ,TOOTHBRUSH AND FLOSS","ORAL CARE & ACCESSORIES","ORAL CARE & ACCESSORIES",yes,0,no
292,"TOPICREAM","TOPICREAM BABY BAR SOAP","BABY RANGE","BABY COSMETICS & BABY SKINCARE PRODUCTS",yes,0,no
293,"TOPICREAM","TOPICREAM BABY MILK 500ML","BABY RANGE","BABY COSMETICS & BABY SKINCARE PRODUCTS",yes,0,no
416,"TOPICREAM","TOPICREAM DA 500ML","COSMETICS & SKIN CARE RPDUCTS","FACE CARE",yes,0,no
417,"TOPICREAM","TOPICREAM MELA 500ML","COSMETICS & SKIN CARE RPDUCTS","FACE CARE",yes,0,no
415,"TOPICREAM","TOPICREAM ULTRA HYDRATA 500ML","COSMETICS & SKIN CARE RPDUCTS","FACE CARE",yes,0,no
332,"TOTAL","TOTAL BODY PREGNANCY PILLOW","MOTHER & LADY RANGE","PREGNANT & BREASTFIDING MOTHER",yes,0,no
1093,"TOTAL","TOTAL CARE 6-IN-1 ANTICAVITY FLUORIDE MOUTHWASH FRESH MINT","OTHERS","CHINA TOILETRIES",yes,500,no
1136,"TPE","TPE AUTOCLAVABLE OPERATING THEATRE CLOGS SURGICAL SHOES","OTHERS","CHINA TOILETRIES",yes,0,no
1115,"TRAVEL","TRAVEL TOOTHBRUSH PORTABLE TRAVEL KIT ORAL CARE TOOTHBRUSH SET FOR HOTEL HOME TRAVEL TOOTHBRUSH KIT","OTHERS","CHINA TOILETRIES",yes,0,no
1084,"TRAVEL","TRAVEL TOOTHBRUSH WITH COVER CASE","OTHERS","CHINA TOILETRIES",yes,10000,no
75,"U","U- SHAPE BABY MOUTH BRUSH","BABY RANGE","BABY ORAL-CARE & HEALTH-CARE PRODUCTS",yes,0,no
347,"U","U kotex pantyliner regular 100'","MOTHER & LADY RANGE","FEMININE INTIMATE CARE TOILETRIES",yes,0,no
349,"U","U kotex pantyliner regular 20","MOTHER & LADY RANGE","FEMININE INTIMATE CARE TOILETRIES",yes,0,no
348,"U","U kotex pantyliner regular 40'","MOTHER & LADY RANGE","FEMININE INTIMATE CARE TOILETRIES",yes,0,no
344,"U","U kotex tampons regular 16'","MOTHER & LADY RANGE","FEMININE INTIMATE CARE TOILETRIES",yes,0,no
345,"U","U kotex tampons super 16'","MOTHER & LADY RANGE","FEMININE INTIMATE CARE TOILETRIES",yes,0,no
346,"U","U kotex tampons super plus 16'","MOTHER & LADY RANGE","FEMININE INTIMATE CARE TOILETRIES",yes,0,no
1091,"ULTRA","ULTRA+ TOOTHPASTE EXTRA-WHITENING 75ML","OTHERS","CHINA TOILETRIES",yes,0,no
1064,"UNICOVERD","UNICOVERD HOT BOTTLE WAMER 2L","OTHERS","CHINA TOILETRIES",yes,0,no
1137,"UNISEX","UNISEX DOCTOR SURGICAL SLIPPERS SHOES WORK OPERATING THEATRE CLOGS CLEANROOM MEDICAL SHOES","OTHERS","CHINA TOILETRIES",yes,0,no
1118,"USHAPE","U-SHAPE BABY TOOTHBRUSH","OTHERS","CHINA TOILETRIES",yes,0,no
351,"V","V wash pantyliner long 30'","MOTHER & LADY RANGE","FEMININE INTIMATE CARE TOILETRIES",yes,0,no
350,"V","V wash pantyliner long 50'","MOTHER & LADY RANGE","FEMININE INTIMATE CARE TOILETRIES",yes,0,no
363,"VAGISIL","VAGISIL INTIMATE WASH 250ML PH BALANCE","MOTHER & LADY RANGE","FEMININE INTIMATE CARE TOILETRIES",yes,0,no
362,"VAGISIL","VAGISIL INTIMATE WASH 250ML ULTRAFRESH","MOTHER & LADY RANGE","FEMININE INTIMATE CARE TOILETRIES",yes,0,no
412,"VASELINE","VASELINE LIP THERAPY ALOE","COSMETICS & SKIN CARE RPDUCTS","FACE CARE",yes,2,no
410,"VASELINE","VASELINE LIP THERAPY ORIGINAL","COSMETICS & SKIN CARE RPDUCTS","FACE CARE",yes,144,no
411,"VASELINE","VASELINE LIP THERAPY THERAPY ROSY","COSMETICS & SKIN CARE RPDUCTS","FACE CARE",yes,120,no
486,"VASELINE","VASELINE HAND AND NAIL CREAM 75ML","COSMETICS & SKIN CARE RPDUCTS","FOOT & HAND CARE",yes,0,no
498,"VEET","VEET CREAM DRY SKIN 100ML","PERSONAL CARE & HYGIENICS","PERSONAL CARE & HYGIENICS",yes,0,no
497,"VEET","VEET CREAM NORMAL SKIN 100ML","PERSONAL CARE & HYGIENICS","PERSONAL CARE & HYGIENICS",yes,216,no
499,"VEET","VEET CREAM SENSITIVE 100ML","PERSONAL CARE & HYGIENICS","PERSONAL CARE & HYGIENICS",yes,240,no
507,"VELVEX","VELVEX COTTON WOOL 500G","PERSONAL CARE & HYGIENICS","PERSONAL CARE & HYGIENICS",yes,0,no
504,"VELVEX","VELVEX TISSUE B/200","PERSONAL CARE & HYGIENICS","PERSONAL CARE & HYGIENICS",yes,4,no
503,"VELVEX","VELVEX TISSUE B/80","PERSONAL CARE & HYGIENICS","PERSONAL CARE & HYGIENICS",yes,280,no
182,"VITAL","VITAL BABY BOWL","BABY RANGE","BABY BOTTLES & OTHER DINNING UTENSILS",yes,0,no
172,"VITAL","VITAL BABY TEAT 3M+","BABY RANGE","BABY BOTTLES & OTHER DINNING UTENSILS",yes,3,no
171,"VITAL","VITAL BABY TEAT 6 M+","BABY RANGE","BABY BOTTLES & OTHER DINNING UTENSILS",yes,4,no
794,"WASDOM","WASDOM STEP BY STEP FLUORIDE MOUTHWASH 6+","ORAL CARE & ACCESSORIES","MOUTHWASH",yes,0,no
571,"WHITE","WHITE LAB COAT LARGE","MEDICAL DEVICES & HOSPITAL NEEDS","MEDICAL DOCTOR'S LAB COAT WHITE WITH BLUE DESIGN LONG SLEEVE",yes,0,no
570,"WHITE","WHITE LAB COAT MEDIUM","MEDICAL DEVICES & HOSPITAL NEEDS","MEDICAL DOCTOR'S LAB COAT WHITE WITH BLUE DESIGN LONG SLEEVE",yes,0,no
569,"WHITE","WHITE LAB COAT SMALL","MEDICAL DEVICES & HOSPITAL NEEDS","MEDICAL DOCTOR'S LAB COAT WHITE WITH BLUE DESIGN LONG SLEEVE",yes,0,no
572,"WHITE","WHITE LAB COAT X-LARGE","MEDICAL DEVICES & HOSPITAL NEEDS","MEDICAL DOCTOR'S LAB COAT WHITE WITH BLUE DESIGN LONG SLEEVE",yes,0,no
573,"WHITE","WHITE LAB COAT XX-LARGE","MEDICAL DEVICES & HOSPITAL NEEDS","MEDICAL DOCTOR'S LAB COAT WHITE WITH BLUE DESIGN LONG SLEEVE",yes,0,no
719,"WHITENING","WHITENING ADVANCED TOOTH PASTE","ORAL CARE & ACCESSORIES","ORAL CARE & ACCESSORIES",yes,0,no
720,"WHITENING","WHITENING ADVANCED TOOTH PASTE (DOMAGE)","ORAL CARE & ACCESSORIES","ORAL CARE & ACCESSORIES",yes,0,no
1007,"WHOLESALE","WHOLESALE ACETATE CLIP-ON EYEGLASSES – MAGNETIC SUNGLASSES CLIP FRAME FOR WOMEN","OTHERS","CHINA TOILETRIES",yes,0,no
1147,"WHOLESALE","WHOLESALE LIGHTWEIGHT ABRASION RESISTANCE BEST LAPTOP SCREEN MICRO CLEANING CLOTH FOR MOBILE PHONE","OTHERS","CHINA TOILETRIES",yes,0,no
1070,"WHOLESALE","WHOLESALE MEDICAL EAR ULCER BULB SYRINGE DISPOSABLE EAR CLEARING SYRINGE","OTHERS","CHINA TOILETRIES",yes,10000,no
173,"WISDOM","WISDOM POWER + HEADS","BABY RANGE","BABY BOTTLES & OTHER DINNING UTENSILS",yes,6,no
809,"WISDOM","WISDOM FRESH EFFECT MINT SPRAY 30ML","ORAL CARE & ACCESSORIES","MOUTHSPRAY",yes,0,no
788,"WISDOM","WISDOM ACTIVE WHITENING CHARCOAL MOUTHWASH 500ML","ORAL CARE & ACCESSORIES","MOUTHWASH",yes,0,no
793,"WISDOM","WISDOM FRESH CLEAN COOLMINT MOUTH WASH 500ML","ORAL CARE & ACCESSORIES","MOUTHWASH",yes,0,no
789,"WISDOM","WISDOM ORTHO CLREAN MOUTH WASH 500ML","ORAL CARE & ACCESSORIES","MOUTHWASH",yes,0,no
790,"WISDOM","WISDOM SMOKERS ANTI-STAIN MOUTHWASH 500ML","ORAL CARE & ACCESSORIES","MOUTHWASH",yes,0,no
791,"WISDOM","WISDOM TOTAL CARE FRESH EFFECT MOUTH WASH 500ML","ORAL CARE & ACCESSORIES","MOUTHWASH",yes,0,no
706,"WISDOM","WISDOM ACTIVE WHITENING TOOTHPASTE 75ML","ORAL CARE & ACCESSORIES","ORAL CARE & ACCESSORIES",yes,0,no
707,"WISDOM","WISDOM SENSITIVE WHITENING TOOTHPASTE 100ML","ORAL CARE & ACCESSORIES","ORAL CARE & ACCESSORIES",yes,0,no
708,"WISDOM","WISDOM STEP BY STEP TOOTHPASTE (0-3) YEARS","ORAL CARE & ACCESSORIES","ORAL CARE & ACCESSORIES",yes,0,no
709,"WISDOM","WISDOM STEP BY STEP TOOTHPASTE (4+) YEARS","ORAL CARE & ACCESSORIES","ORAL CARE & ACCESSORIES",yes,0,no
840,"WISDOM","WISDOM ACTIVE WHITENING CHARCOAL  FLOSS HARPS*30","ORAL CARE & ACCESSORIES","TOOTHBRUSH & FLOSS",yes,0,no
833,"WISDOM","WISDOM CLEAN BETWEEN FLOSSER WHITE 30'S","ORAL CARE & ACCESSORIES","TOOTHBRUSH & FLOSS",yes,0,no
849,"WISDOM","WISDOM DENTURE BRUSH","ORAL CARE & ACCESSORIES","TOOTHBRUSH & FLOSS",yes,0,no
848,"WISDOM","WISDOM INTERSPACE BRUSH","ORAL CARE & ACCESSORIES","TOOTHBRUSH & FLOSS",yes,0,no
836,"WISDOM","WISDOM KID SOFT START TOOTHBRUSH 3+ TWIN PACK","ORAL CARE & ACCESSORIES","TOOTHBRUSH & FLOSS",yes,0,no
837,"WISDOM","WISDOM STEP BY STEP TOOTHBRUSH 0-2 YYRS","ORAL CARE & ACCESSORIES","TOOTHBRUSH & FLOSS",yes,0,no
838,"WISDOM","WISDOM STEP BY STEP TOOTHBRUSH 3-5 YYRS","ORAL CARE & ACCESSORIES","TOOTHBRUSH & FLOSS",yes,0,no
839,"WISDOM","WISDOM STEP BY STEP TOOTHBRUSH 6-8 YYRS","ORAL CARE & ACCESSORIES","TOOTHBRUSH & FLOSS",yes,0,no
841,"WISDOM","WISDOM XTRA CLEAN MEDIUM TWIN PACK TOOTHBRUSH","ORAL CARE & ACCESSORIES","TOOTHBRUSH & FLOSS",yes,0,no
834,"WISDOM","WISDOM XTRA CLEAN MEDIUM TWIN PACK TOOTHBRUSH","ORAL CARE & ACCESSORIES","TOOTHBRUSH & FLOSS",yes,0,no
1027,"WOMENS","WOMEN'S BOLD OPTICAL FRAMES FASHION DESIGN","OTHERS","CHINA TOILETRIES",yes,0,no
1020,"WOMENS","WOMEN'S FASHION ACETATE OPTICAL FRAMES READY STOCK","OTHERS","CHINA TOILETRIES",yes,0,no
1013,"WOMENS","WOMEN'S FASHION ACETATE SUNGLASSES NYLON LENS'","OTHERS","CHINA TOILETRIES",yes,0,no
1021,"WOMENS","WOMEN'S MODERN ACETATE PRESCRIPTION SPECTACLES GLASSES","OTHERS","CHINA TOILETRIES",yes,0,no
674,"YARI","YARI PALM ESSENTIAL OIL","CHEMICALS & ESSENTIAL  OILS","CHEMICALS & ESSENTIAL  OILS",yes,1,no
875,"YARI","YARI CREAMY HAIR LOTION","HAIRCARE PRODUCTS & ACCESSORIES","HAIRCARE PRODUCTS & ACCESSORIES",yes,0,no
874,"YARI","YARI NATURAL HAIR OIL","HAIRCARE PRODUCTS & ACCESSORIES","HAIRCARE PRODUCTS & ACCESSORIES",yes,0,no
422,"ZINPLEX","ZINPLEX COMBO PACK 3 PRODUITS, 120 TABS","COSMETICS & SKIN CARE RPDUCTS","FACE CARE",yes,0,no
405,"carmex","carmex lip balm 7.5g classic pot","COSMETICS & SKIN CARE RPDUCTS","FACE CARE",yes,0,no
404,"carmex","carmex lip balm tube 10g cherry","COSMETICS & SKIN CARE RPDUCTS","FACE CARE",yes,0,no
402,"carmex","carmex lip balm tube 10g classic","COSMETICS & SKIN CARE RPDUCTS","FACE CARE",yes,0,no
403,"carmex","carmex lip balm tube 10g strawberry","COSMETICS & SKIN CARE RPDUCTS","FACE CARE",yes,0,no
378,"gillette","gillette 2 razor 5's","FATHER CARE & GROOMING","FATHER CARE & GROOMING",yes,0,no
787,"listerine","listerine KIDS mouthwash 250ml","ORAL CARE & ACCESSORIES","MOUTHWASH",yes,0,no
779,"listerine","listerine coolmint 250ml","ORAL CARE & ACCESSORIES","MOUTHWASH",yes,0,no
781,"listerine","listerine coolmint 500ml","ORAL CARE & ACCESSORIES","MOUTHWASH",yes,0,no
784,"listerine","listerine coolmint 95ml pocket size","ORAL CARE & ACCESSORIES","MOUTHWASH",yes,0,no
785,"listerine","listerine freshburst 95ml pocket size","ORAL CARE & ACCESSORIES","MOUTHWASH",yes,0,no
783,"listerine","listerine total care 250ml","ORAL CARE & ACCESSORIES","MOUTHWASH",yes,0,no
786,"listerine","listerine total care 95ml Pocket size","ORAL CARE & ACCESSORIES","MOUTHWASH",yes,0,no
826,"oral","oral b 1-2-3 toothbrush classic twin","ORAL CARE & ACCESSORIES","TOOTHBRUSH & FLOSS",yes,0,no
827,"oral","oral b all rounder black toothbrush medium","ORAL CARE & ACCESSORIES","TOOTHBRUSH & FLOSS",yes,0,no
825,"oral","oral b complete clean toothbrush medium","ORAL CARE & ACCESSORIES","TOOTHBRUSH & FLOSS",yes,0,no
829,"oral","oral b essential floss 50m unwaxed","ORAL CARE & ACCESSORIES","TOOTHBRUSH & FLOSS",yes,0,no
824,"oral","oral b kids 2+ years toothbrush","ORAL CARE & ACCESSORIES","TOOTHBRUSH & FLOSS",yes,0,no
828,"sensodyne","sensodyne toothbrush soft sensitive","ORAL CARE & ACCESSORIES","TOOTHBRUSH & FLOSS",yes,0,no
341,"tampax","tampax regular 20's","MOTHER & LADY RANGE","FEMININE INTIMATE CARE TOILETRIES",yes,905,no
342,"tampax","tampax super 20's","MOTHER & LADY RANGE","FEMININE INTIMATE CARE TOILETRIES",yes,922,no
343,"tampax","tampax super plus 20's","MOTHER & LADY RANGE","FEMININE INTIMATE CARE TOILETRIES",yes,45,no
1150,"","PHILIPS AVENT PACIFIER CLASSIC DESIGN, 6-18 MOTHS CLASSIC DESIGN","BABY RANGE","BABY BOTTLES & OTHER DINNING UTENSILS",yes,0,no
1152,"","STARLIGHT 3-IN-1 BABY BOTTLE STERILIZER","BABY RANGE","BABY BOTTLES & OTHER DINNING UTENSILS",yes,0,no
1221,"","DUMIL DIAPER BAGS 100'S","BABY RANGE","BABY DIAPERING & ACCESSORIES PRODUCTS",yes,36,no
1155,"","AVENT BABY FOOD SET FOR BABIES OF 6M+","BABY RANGE","BABY FOOD & CEREALS",yes,0,no
1615,"","GERBER BABY CEREAL GAIN7GROW,APPLE, STRAW,BANANA 8OZ","BABY RANGE","BABY FOOD & CEREALS",yes,0,no
1616,"","GERBER BABY CEREAL PROBIOTIC CEREAL,LENTIL,APPLE 8 OZ","BABY RANGE","BABY FOOD & CEREALS",yes,0,no
1614,"","GERBER BABY CEREAL PROBIOTIC OATMEAL BANANA 8OZ","BABY RANGE","BABY FOOD & CEREALS",yes,0,no
1617,"","GERBER BABY CEREAL PROBIOTIC OATMEL,LENTIL,PEAR 8 OZ","BABY RANGE","BABY FOOD & CEREALS",yes,0,no
1579,"","HEINZ FIRST STEPS BABY PORRIDGE","BABY RANGE","BABY FOOD & CEREALS",yes,120,no
1526,"","APTAMIL BB MUESLI MULTI-GRAIN 10M+","BABY RANGE","BABY MILK POWDER",yes,60,no
1451,"","NAN, Special Formula Without Lactose, 400g","BABY RANGE","BABY MILK POWDER",yes,60,no
1481,"","NUTRILON 8M+ NIGHT APPLE 225G","BABY RANGE","BABY MILK POWDER",yes,0,no
1482,"","NUTRILON 8M+ OBILOVIN  225G","BABY RANGE","BABY MILK POWDER",yes,0,no
1480,"","NUTRILON LACTOSE FREE 450G","BABY RANGE","BABY MILK POWDER",yes,0,no
1483,"","NUTRILON LAIT PREMIERE N01 350G","BABY RANGE","BABY MILK POWDER",yes,0,no
1478,"","NUTRILON NENATAL NUTRIPREM 400G","BABY RANGE","BABY MILK POWDER",yes,0,no
1479,"","NUTRILON NENATAL POST DISCHARGE  400G","BABY RANGE","BABY MILK POWDER",yes,0,no
1693,"","NUTRILON NO1 400G LACTOSE FREE","BABY RANGE","BABY MILK POWDER",yes,0,no
1695,"","NUTRILON SMALL START MILK No1, 350G, 0-6 MONTHS","BABY RANGE","BABY MILK POWDER",yes,0,no
1443,"","Nestle Nan Optipro 1, mleko początkowe, dla niemowląt od urodzenia, 650g","BABY RANGE","BABY MILK POWDER",yes,0,no
1444,"","Nestle Nan Optipro 2, mleko początkowe, dla niemowląt powyzej,miesiaca 650g","BABY RANGE","BABY MILK POWDER",yes,0,no
1445,"","Nestle Nan Optipro 3, junior,formula na bazie mleka,po 1- roku zycia 650g","BABY RANGE","BABY MILK POWDER",yes,0,no
1474,"","7 PACK MICROFIBER FACIAL CLEANSING CLOTHS","COSMETICS & SKIN CARE RPDUCTS","FACE CARE",yes,12,no
1621,"","ACNE FRRE OIL-FREE HYDRATING MOISTURIZER UV30 40ML","COSMETICS & SKIN CARE RPDUCTS","FACE CARE",yes,0,no
1220,"","TEDDY CARE HAND AND FACIAL WIPES SENSITIVE 40 PIECES","COSMETICS & SKIN CARE RPDUCTS","FACE CARE",yes,120,no
1602,"","PROFOOT CLEARX NAIL FUNGAL SHIEAL 1OZ","COSMETICS & SKIN CARE RPDUCTS","FOOT & HAND CARE",yes,60,no
1789,"","BIGGEST PENIS 60 TABS","DIETS & NATURAL REMEDY & FOOD SUPPLEMENTS","DIETS & NATURAL REMEDY & FOOD SUPPLEMENTS",yes,12,no
1285,"","BONI COMPLIME MULTIVITAMIN EEFERV B/20","DIETS & NATURAL REMEDY & FOOD SUPPLEMENTS","DIETS & NATURAL REMEDY & FOOD SUPPLEMENTS",yes,0,no
1782,"","CAMAGRA FOR WOMEN 10 TABS","DIETS & NATURAL REMEDY & FOOD SUPPLEMENTS","DIETS & NATURAL REMEDY & FOOD SUPPLEMENTS",yes,36,no
1792,"","COOLMAN TESTOBOOST FOR MEN 40TABS","DIETS & NATURAL REMEDY & FOOD SUPPLEMENTS","DIETS & NATURAL REMEDY & FOOD SUPPLEMENTS",yes,12,no
1740,"","ESSENCE DE BEAUTE COLLAGEN CREAM, OIL, LOTION","DIETS & NATURAL REMEDY & FOOD SUPPLEMENTS","DIETS & NATURAL REMEDY & FOOD SUPPLEMENTS",yes,0,no
1640,"","FEROGLOBIN CAPSULES","DIETS & NATURAL REMEDY & FOOD SUPPLEMENTS","DIETS & NATURAL REMEDY & FOOD SUPPLEMENTS",yes,0,no
1503,"","HALIBORANGE ADULT CALM 30 CAPS","DIETS & NATURAL REMEDY & FOOD SUPPLEMENTS","DIETS & NATURAL REMEDY & FOOD SUPPLEMENTS",yes,12,no
1502,"","HALIBORANGE ADULT IMMUNE SUPPORT 30 CAPS","DIETS & NATURAL REMEDY & FOOD SUPPLEMENTS","DIETS & NATURAL REMEDY & FOOD SUPPLEMENTS",yes,12,no
1500,"","HALIBORANGE MULTIVIT CALC+ IRON  3+ YRS 30 CAPS","DIETS & NATURAL REMEDY & FOOD SUPPLEMENTS","DIETS & NATURAL REMEDY & FOOD SUPPLEMENTS",yes,13,no
1501,"","HALIBORANGE VIT D3 30 CAPS","DIETS & NATURAL REMEDY & FOOD SUPPLEMENTS","DIETS & NATURAL REMEDY & FOOD SUPPLEMENTS",yes,12,no
1790,"","HIGH OCTANE PREDATOR ELECTION PILS 60 TABS","DIETS & NATURAL REMEDY & FOOD SUPPLEMENTS","DIETS & NATURAL REMEDY & FOOD SUPPLEMENTS",yes,12,no
1495,"","HOLIBORANGE EVERY-DAY MULTVIT 3-12Y 30 CAPS","DIETS & NATURAL REMEDY & FOOD SUPPLEMENTS","DIETS & NATURAL REMEDY & FOOD SUPPLEMENTS",yes,12,no
1492,"","HOLIBORANGE OMEGA-3 DHA 3-12 YEARS 100ML","DIETS & NATURAL REMEDY & FOOD SUPPLEMENTS","DIETS & NATURAL REMEDY & FOOD SUPPLEMENTS",yes,24,no
1494,"","HOLIBORANGE OMEGA-3 MULTVIT 3-12Y 30 CAPS","DIETS & NATURAL REMEDY & FOOD SUPPLEMENTS","DIETS & NATURAL REMEDY & FOOD SUPPLEMENTS",yes,24,no
1497,"","HOLIBORANGE SOFTIES VIT C IMMUNE 30 CAPS","DIETS & NATURAL REMEDY & FOOD SUPPLEMENTS","DIETS & NATURAL REMEDY & FOOD SUPPLEMENTS",yes,12,no
1498,"","HOLIBORANGE SOFTIES VIT D  30 CAPS","DIETS & NATURAL REMEDY & FOOD SUPPLEMENTS","DIETS & NATURAL REMEDY & FOOD SUPPLEMENTS",yes,12,no
1493,"","HOLIBORANGE TEENS OMEGA-3 DHA 12+ 30 CAPS","DIETS & NATURAL REMEDY & FOOD SUPPLEMENTS","DIETS & NATURAL REMEDY & FOOD SUPPLEMENTS",yes,12,no
1496,"","HOLIBORANGE TEENS OMEGA-3 MULTVIT 12+ 30 CAPS","DIETS & NATURAL REMEDY & FOOD SUPPLEMENTS","DIETS & NATURAL REMEDY & FOOD SUPPLEMENTS",yes,12,no
1217,"","INNOVIT COLLAGEN ANTI-AGING SUPPLEMENT 60","DIETS & NATURAL REMEDY & FOOD SUPPLEMENTS","DIETS & NATURAL REMEDY & FOOD SUPPLEMENTS",yes,0,no
1219,"","INNOVIT MAGNESIUM SUPPLEMENT 90","DIETS & NATURAL REMEDY & FOOD SUPPLEMENTS","DIETS & NATURAL REMEDY & FOOD SUPPLEMENTS",yes,0,no
1218,"","INNOVIT SKIN HAIR NAILS SUPPLEMENT 60","DIETS & NATURAL REMEDY & FOOD SUPPLEMENTS","DIETS & NATURAL REMEDY & FOOD SUPPLEMENTS",yes,0,no
1780,"","LIBIDO GOLD GOLDEN MALE 60 TABS","DIETS & NATURAL REMEDY & FOOD SUPPLEMENTS","DIETS & NATURAL REMEDY & FOOD SUPPLEMENTS",yes,24,no
1791,"","MALE XL -POTENCY PILLS 60  TABS","DIETS & NATURAL REMEDY & FOOD SUPPLEMENTS","DIETS & NATURAL REMEDY & FOOD SUPPLEMENTS",yes,12,no
1860,"","Natural Repair Vagianal Capsules, Instant Itching Stopper & Detox and Slimming Capsules,","DIETS & NATURAL REMEDY & FOOD SUPPLEMENTS","DIETS & NATURAL REMEDY & FOOD SUPPLEMENTS",yes,36,no
1781,"","ORGASM EXTRA TABLET 60 TABS","DIETS & NATURAL REMEDY & FOOD SUPPLEMENTS","DIETS & NATURAL REMEDY & FOOD SUPPLEMENTS",yes,24,no
1794,"","PENIS XXL PILLS 30 TABS","DIETS & NATURAL REMEDY & FOOD SUPPLEMENTS","DIETS & NATURAL REMEDY & FOOD SUPPLEMENTS",yes,12,no
1778,"","PENISEX 40 CAPS","DIETS & NATURAL REMEDY & FOOD SUPPLEMENTS","DIETS & NATURAL REMEDY & FOOD SUPPLEMENTS",yes,12,no
1717,"","PR FRANCOISE BEDON ROYAL MULTIVITAMINE PARIS 500ML","DIETS & NATURAL REMEDY & FOOD SUPPLEMENTS","DIETS & NATURAL REMEDY & FOOD SUPPLEMENTS",yes,0,no
1730,"","QEI+ PARIS HARMONIE REP. MULTIVITAMINE LAIT CORP 500ML","DIETS & NATURAL REMEDY & FOOD SUPPLEMENTS","DIETS & NATURAL REMEDY & FOOD SUPPLEMENTS",yes,0,no
1294,"","VITAMINE E CREAM ALL OVER THE BODY 1000ML (SUPERDRUG)","DIETS & NATURAL REMEDY & FOOD SUPPLEMENTS","DIETS & NATURAL REMEDY & FOOD SUPPLEMENTS",yes,0,no
1663,"","VITAMINS,MINERALS","DIETS & NATURAL REMEDY & FOOD SUPPLEMENTS","DIETS & NATURAL REMEDY & FOOD SUPPLEMENTS",yes,0,no
1659,"","WELL BABY MULTIVITAMIN LIQUID 6M-4YRS","DIETS & NATURAL REMEDY & FOOD SUPPLEMENTS","DIETS & NATURAL REMEDY & FOOD SUPPLEMENTS",yes,0,no
1660,"","WELLBABY VITAMIN D3 DROPS","DIETS & NATURAL REMEDY & FOOD SUPPLEMENTS","DIETS & NATURAL REMEDY & FOOD SUPPLEMENTS",yes,0,no
1459,"","BLADES RAZORS  FOR LADY S2, 10 PACK","FATHER CARE & GROOMING","FATHER CARE & GROOMING",yes,120,no
1458,"","BLADES RAZORS  FOR MEN S2, 10 PACK","FATHER CARE & GROOMING","FATHER CARE & GROOMING",yes,120,no
1456,"","FERRUM RAZOR  BLADES 8 PACK","FATHER CARE & GROOMING","FATHER CARE & GROOMING",yes,60,no
1454,"","FERRUM RAZOR WITH EXTRA BLADES 21 PIECES","FATHER CARE & GROOMING","FATHER CARE & GROOMING",yes,60,no
1457,"","SOFT TOUCH DISPOSABLE RAZOR BLADES 8 PACK","FATHER CARE & GROOMING","FATHER CARE & GROOMING",yes,60,no
1455,"","SOFT TOUCH RAZOR WITH EXTRA BLADES 21 PIECES","FATHER CARE & GROOMING","FATHER CARE & GROOMING",yes,60,no
1795,"","FOLIGAIN® Low Alcohol Minoxidil 5% Hair Regrowth Treatment For Men (Export Only)","HAIRCARE PRODUCTS & ACCESSORIES","HAIRCARE PRODUCTS & ACCESSORIES",yes,0,no
1796,"","FOLIGAIN® Minoxidil 2% Hair Regrowth Treatment For Women (Export Only)","HAIRCARE PRODUCTS & ACCESSORIES","HAIRCARE PRODUCTS & ACCESSORIES",yes,0,no
1315,"","ANKLE SUPPORT COMPRESSION BANDAGE S, M, L,XL","MEDICAL DEVICES & HOSPITAL NEEDS","OTHER MEDICAL DEVICES & PARAPHARMACEUTICALS",yes,12,no
1635,"","CARDIOACE HEART SUPPORT","MEDICAL DEVICES & HOSPITAL NEEDS","OTHER MEDICAL DEVICES & PARAPHARMACEUTICALS",yes,0,no
1427,"","COSMOPLAST 10 PANSEMENTS PRÉDÉCOUPE + 5 PANSEMENTS À DÉCOUPER EN TISSU RÉSISTANT","MEDICAL DEVICES & HOSPITAL NEEDS","OTHER MEDICAL DEVICES & PARAPHARMACEUTICALS",yes,60,no
1431,"","COSMOPLAST GRANDS PANSEMENTS ADHÉSIFS STÉRILISÉS UNIVERSELS 5PCS","MEDICAL DEVICES & HOSPITAL NEEDS","OTHER MEDICAL DEVICES & PARAPHARMACEUTICALS",yes,36,no
1429,"","COSMOPLAST PANSEMENTS ANTI-AMPOULES 6PCS","MEDICAL DEVICES & HOSPITAL NEEDS","OTHER MEDICAL DEVICES & PARAPHARMACEUTICALS",yes,60,no
1430,"","COSMOPLAST PANSEMENTS AQUA WATERPROOF IMPERMÉABLES 20PCS","MEDICAL DEVICES & HOSPITAL NEEDS","OTHER MEDICAL DEVICES & PARAPHARMACEUTICALS",yes,60,no
1428,"","COSMOPLAST PANSEMENTS ENFANTS 20PCS","MEDICAL DEVICES & HOSPITAL NEEDS","OTHER MEDICAL DEVICES & PARAPHARMACEUTICALS",yes,120,no
1181,"","DUNLOP HAND SUPPORT","MEDICAL DEVICES & HOSPITAL NEEDS","OTHER MEDICAL DEVICES & PARAPHARMACEUTICALS",yes,0,no
1234,"","DUNLOP SUPPORT BANDAGE (S,M,L,XL)","MEDICAL DEVICES & HOSPITAL NEEDS","OTHER MEDICAL DEVICES & PARAPHARMACEUTICALS",yes,12,no
1235,"","DUNLOP WRIST SUPPORT","MEDICAL DEVICES & HOSPITAL NEEDS","OTHER MEDICAL DEVICES & PARAPHARMACEUTICALS",yes,12,no
1318,"","DUNLOP WRIST SUPPORT S,M,L,XL","MEDICAL DEVICES & HOSPITAL NEEDS","OTHER MEDICAL DEVICES & PARAPHARMACEUTICALS",yes,12,no
1236,"","DUNLOPE ANKLE SUPPORT","MEDICAL DEVICES & HOSPITAL NEEDS","OTHER MEDICAL DEVICES & PARAPHARMACEUTICALS",yes,12,no
1172,"","FIRST AID DRESSINGS FAMILY BOX B/75","MEDICAL DEVICES & HOSPITAL NEEDS","OTHER MEDICAL DEVICES & PARAPHARMACEUTICALS",yes,12,no
1171,"","FIRST AID DRESSINGS PENSEMENT KIDS B/40","MEDICAL DEVICES & HOSPITAL NEEDS","OTHER MEDICAL DEVICES & PARAPHARMACEUTICALS",yes,12,no
1230,"","FIRST AID ELASTIC BANDAGE 2*(400*6CM)","MEDICAL DEVICES & HOSPITAL NEEDS","OTHER MEDICAL DEVICES & PARAPHARMACEUTICALS",yes,0,no
1229,"","FIRST AID FAMILY BOX 50'S","MEDICAL DEVICES & HOSPITAL NEEDS","OTHER MEDICAL DEVICES & PARAPHARMACEUTICALS",yes,60,no
1199,"","FIRST AID KIT FOR CAR","MEDICAL DEVICES & HOSPITAL NEEDS","OTHER MEDICAL DEVICES & PARAPHARMACEUTICALS",yes,0,no
1231,"","FIRST AID UNIVERSAL PLASTERS 100 PCS*","MEDICAL DEVICES & HOSPITAL NEEDS","OTHER MEDICAL DEVICES & PARAPHARMACEUTICALS",yes,0,no
1232,"","FIRST AID XL PLASTERS 7*","MEDICAL DEVICES & HOSPITAL NEEDS","OTHER MEDICAL DEVICES & PARAPHARMACEUTICALS",yes,0,no
1468,"","HOUSEHOLD PROTECTVE GLOVES SIZE L YELLOW COLOR","MEDICAL DEVICES & HOSPITAL NEEDS","OTHER MEDICAL DEVICES & PARAPHARMACEUTICALS",yes,12,no
1467,"","HOUSEHOLD PROTECTVE GLOVES SIZE M YELLOW COLOR","MEDICAL DEVICES & HOSPITAL NEEDS","OTHER MEDICAL DEVICES & PARAPHARMACEUTICALS",yes,12,no
1433,"","OPTIMUM NUTRITION  GOLD STANDARD 100% WHEY PROTEIN (Post-Workout Muscle Support & Recovery)","MEDICAL DEVICES & HOSPITAL NEEDS","OTHER MEDICAL DEVICES & PARAPHARMACEUTICALS",yes,36,no
1437,"","OPTIMUM NUTRITION CAKE BITES(Deliciously Whipped Snack for Muscle Recovery Support)","MEDICAL DEVICES & HOSPITAL NEEDS","OTHER MEDICAL DEVICES & PARAPHARMACEUTICALS",yes,36,no
1439,"","OPTIMUM NUTRITION PROTEIN CRISP(Deliciously Crunchy Protein Snack for Muscle Recovery Support)","MEDICAL DEVICES & HOSPITAL NEEDS","OTHER MEDICAL DEVICES & PARAPHARMACEUTICALS",yes,36,no
1176,"","PANSEMENTS FIRST AID 75 PCS","MEDICAL DEVICES & HOSPITAL NEEDS","OTHER MEDICAL DEVICES & PARAPHARMACEUTICALS",yes,6,no
1175,"","PANSEMENTS FIRST AID KIDS 40 ROOMS","MEDICAL DEVICES & HOSPITAL NEEDS","OTHER MEDICAL DEVICES & PARAPHARMACEUTICALS",yes,6,no
1177,"","POCHE DE GRACE SPORT SUPPORT 7*23CM","MEDICAL DEVICES & HOSPITAL NEEDS","OTHER MEDICAL DEVICES & PARAPHARMACEUTICALS",yes,6,no
1243,"","SHOE-LIKE ANTI-ODOR INSOLE 2 PAIRS ( size 24-46)","MEDICAL DEVICES & HOSPITAL NEEDS","OTHER MEDICAL DEVICES & PARAPHARMACEUTICALS",yes,0,no
1242,"","SHOE-LIKE GEL INSOLE ( size 36-46)","MEDICAL DEVICES & HOSPITAL NEEDS","OTHER MEDICAL DEVICES & PARAPHARMACEUTICALS",yes,0,no
1178,"","SPORT SUPPORT ANKLE SUPPORT","MEDICAL DEVICES & HOSPITAL NEEDS","OTHER MEDICAL DEVICES & PARAPHARMACEUTICALS",yes,0,no
1239,"","SPORT SUPPORT ANKLE SUPPORT  (S,M,L,XL)","MEDICAL DEVICES & HOSPITAL NEEDS","OTHER MEDICAL DEVICES & PARAPHARMACEUTICALS",yes,12,no
1180,"","SPORT SUPPORT ANKLE WRIST SUPPORT","MEDICAL DEVICES & HOSPITAL NEEDS","OTHER MEDICAL DEVICES & PARAPHARMACEUTICALS",yes,0,no
1240,"","SPORT SUPPORT KINESIOLOGY TAPE  (5cm* 5cm)","MEDICAL DEVICES & HOSPITAL NEEDS","OTHER MEDICAL DEVICES & PARAPHARMACEUTICALS",yes,0,no
1233,"","SPORT SUPPORT KNEE SUPPORT","MEDICAL DEVICES & HOSPITAL NEEDS","OTHER MEDICAL DEVICES & PARAPHARMACEUTICALS",yes,12,no
1241,"","SPORT SUPPORT SPORT INSOLE (size 33-44)","MEDICAL DEVICES & HOSPITAL NEEDS","OTHER MEDICAL DEVICES & PARAPHARMACEUTICALS",yes,0,no
1179,"","SPORTS SUPPORT KNEE SUPPORT","MEDICAL DEVICES & HOSPITAL NEEDS","OTHER MEDICAL DEVICES & PARAPHARMACEUTICALS",yes,0,no
1316,"","SUPORT SUPPORT KNEE SUPPORT,M,L,XL,XXL","MEDICAL DEVICES & HOSPITAL NEEDS","OTHER MEDICAL DEVICES & PARAPHARMACEUTICALS",yes,12,no
1314,"","THUMB BRACE SPORT SUPPORT","MEDICAL DEVICES & HOSPITAL NEEDS","OTHER MEDICAL DEVICES & PARAPHARMACEUTICALS",yes,12,no
1558,"","TWININGS IMMUNE SUPPORT","MEDICAL DEVICES & HOSPITAL NEEDS","OTHER MEDICAL DEVICES & PARAPHARMACEUTICALS",yes,120,no
1238,"","sport support THUMB BRACE","MEDICAL DEVICES & HOSPITAL NEEDS","OTHER MEDICAL DEVICES & PARAPHARMACEUTICALS",yes,12,no
1824,"","212 Sexy Men Eau de toilette 50ml","MEDICATED FLAGRANCE & PARFUMS & ROLL-ONS","MEDICATED FLAGRANCE & PARFUMS & ROLL-ONS",yes,6,no
1595,"","ALUMINIUM FREE ROSE PETAL SUAVE ROLL-ON 48H LADY","MEDICATED FLAGRANCE & PARFUMS & ROLL-ONS","MEDICATED FLAGRANCE & PARFUMS & ROLL-ONS",yes,36,no
1846,"","Acqua di Gioia Eau de parfum 30ml","MEDICATED FLAGRANCE & PARFUMS & ROLL-ONS","MEDICATED FLAGRANCE & PARFUMS & ROLL-ONS",yes,6,no
1843,"","Amor Amor Eau de toilette 30ml","MEDICATED FLAGRANCE & PARFUMS & ROLL-ONS","MEDICATED FLAGRANCE & PARFUMS & ROLL-ONS",yes,6,no
1814,"","BOSS BOTTLED Infinite Eau de Parfum 50ML","MEDICATED FLAGRANCE & PARFUMS & ROLL-ONS","MEDICATED FLAGRANCE & PARFUMS & ROLL-ONS",yes,6,no
1826,"","Black Opium Eau de parfum 50ml","MEDICATED FLAGRANCE & PARFUMS & ROLL-ONS","MEDICATED FLAGRANCE & PARFUMS & ROLL-ONS",yes,6,no
1847,"","Black Orchid Eau de parfum 30ml","MEDICATED FLAGRANCE & PARFUMS & ROLL-ONS","MEDICATED FLAGRANCE & PARFUMS & ROLL-ONS",yes,6,no
1841,"","Chloe Intense Eau de parfum 30ml","MEDICATED FLAGRANCE & PARFUMS & ROLL-ONS","MEDICATED FLAGRANCE & PARFUMS & ROLL-ONS",yes,6,no
1818,"","Cool Water Man Intese eau de parfum 40ml","MEDICATED FLAGRANCE & PARFUMS & ROLL-ONS","MEDICATED FLAGRANCE & PARFUMS & ROLL-ONS",yes,6,no
1845,"","Crystal Black Eau de parfum 50ml","MEDICATED FLAGRANCE & PARFUMS & ROLL-ONS","MEDICATED FLAGRANCE & PARFUMS & ROLL-ONS",yes,6,no
1600,"","DEGREE ADVANCED MEN 48H PROTECTION ROLL-ON","MEDICATED FLAGRANCE & PARFUMS & ROLL-ONS","MEDICATED FLAGRANCE & PARFUMS & ROLL-ONS",yes,36,no
1599,"","DEGREE MEN 48H SPORT ROLL-ON","MEDICATED FLAGRANCE & PARFUMS & ROLL-ONS","MEDICATED FLAGRANCE & PARFUMS & ROLL-ONS",yes,36,no
1857,"","Darling I Love You Eau de parfum 40ml","MEDICATED FLAGRANCE & PARFUMS & ROLL-ONS","MEDICATED FLAGRANCE & PARFUMS & ROLL-ONS",yes,6,no
1835,"","Donna Born in Rome intense eau de parfum 30ml","MEDICATED FLAGRANCE & PARFUMS & ROLL-ONS","MEDICATED FLAGRANCE & PARFUMS & ROLL-ONS",yes,6,no
1851,"","Dreams Eau de parfum 40ml","MEDICATED FLAGRANCE & PARFUMS & ROLL-ONS","MEDICATED FLAGRANCE & PARFUMS & ROLL-ONS",yes,6,no
1809,"","Extreme Black (eau de parfum )50ML","MEDICATED FLAGRANCE & PARFUMS & ROLL-ONS","MEDICATED FLAGRANCE & PARFUMS & ROLL-ONS",yes,6,no
1834,"","Flowerbomb Eau de parfum  30ml","MEDICATED FLAGRANCE & PARFUMS & ROLL-ONS","MEDICATED FLAGRANCE & PARFUMS & ROLL-ONS",yes,6,no
1817,"","Gentleman Society Amber Eau de Parfum 60ml","MEDICATED FLAGRANCE & PARFUMS & ROLL-ONS","MEDICATED FLAGRANCE & PARFUMS & ROLL-ONS",yes,6,no
1842,"","Good Girl Blush Eau de parfum 30ml","MEDICATED FLAGRANCE & PARFUMS & ROLL-ONS","MEDICATED FLAGRANCE & PARFUMS & ROLL-ONS",yes,6,no
1820,"","Guilty Pour Homme Eau de parfum 50ml","MEDICATED FLAGRANCE & PARFUMS & ROLL-ONS","MEDICATED FLAGRANCE & PARFUMS & ROLL-ONS",yes,6,no
1840,"","Her Choice Eau de parfum 100ml","MEDICATED FLAGRANCE & PARFUMS & ROLL-ONS","MEDICATED FLAGRANCE & PARFUMS & ROLL-ONS",yes,6,no
1837,"","Hypnôse Eau de parfum 30ml","MEDICATED FLAGRANCE & PARFUMS & ROLL-ONS","MEDICATED FLAGRANCE & PARFUMS & ROLL-ONS",yes,6,no
1836,"","Idôle Eau de parfum 25ml","MEDICATED FLAGRANCE & PARFUMS & ROLL-ONS","MEDICATED FLAGRANCE & PARFUMS & ROLL-ONS",yes,6,no
1821,"","Impact Together Eau de toilette 50ml","MEDICATED FLAGRANCE & PARFUMS & ROLL-ONS","MEDICATED FLAGRANCE & PARFUMS & ROLL-ONS",yes,6,no
1833,"","Intense Paradox Eau de parfum 30ml","MEDICATED FLAGRANCE & PARFUMS & ROLL-ONS","MEDICATED FLAGRANCE & PARFUMS & ROLL-ONS",yes,6,no
1813,"","Invictus Victory Elixir Eau de parfum 50ml","MEDICATED FLAGRANCE & PARFUMS & ROLL-ONS","MEDICATED FLAGRANCE & PARFUMS & ROLL-ONS",yes,6,no
1822,"","L'Homme Intense Eau de parfum 100ml","MEDICATED FLAGRANCE & PARFUMS & ROLL-ONS","MEDICATED FLAGRANCE & PARFUMS & ROLL-ONS",yes,6,no
1853,"","L'Interdit Absolu intense Eau de parfum 30ml","MEDICATED FLAGRANCE & PARFUMS & ROLL-ONS","MEDICATED FLAGRANCE & PARFUMS & ROLL-ONS",yes,6,no
1808,"","La Nuit De L'Homme Le Parfum (eau de parfum) 100ml","MEDICATED FLAGRANCE & PARFUMS & ROLL-ONS","MEDICATED FLAGRANCE & PARFUMS & ROLL-ONS",yes,6,no
1829,"","La Nuit Trésor Eau de parfum 30ml","MEDICATED FLAGRANCE & PARFUMS & ROLL-ONS","MEDICATED FLAGRANCE & PARFUMS & ROLL-ONS",yes,6,no
1828,"","La Vie est Belle intensement eau de parfum  spray  50ml","MEDICATED FLAGRANCE & PARFUMS & ROLL-ONS","MEDICATED FLAGRANCE & PARFUMS & ROLL-ONS",yes,6,no
1811,"","Le Male Elixir Abs Intense Perfume 75ML","MEDICATED FLAGRANCE & PARFUMS & ROLL-ONS","MEDICATED FLAGRANCE & PARFUMS & ROLL-ONS",yes,6,no
1819,"","Legend bue eau de parfum 50ml","MEDICATED FLAGRANCE & PARFUMS & ROLL-ONS","MEDICATED FLAGRANCE & PARFUMS & ROLL-ONS",yes,6,no
1856,"","Love Eau de parfum 30ml","MEDICATED FLAGRANCE & PARFUMS & ROLL-ONS","MEDICATED FLAGRANCE & PARFUMS & ROLL-ONS",yes,6,no
1858,"","Loverdose Red Kiss Eau de parfum 30ml","MEDICATED FLAGRANCE & PARFUMS & ROLL-ONS","MEDICATED FLAGRANCE & PARFUMS & ROLL-ONS",yes,6,no
1832,"","My Way intense Eau de parfum spray 30ml","MEDICATED FLAGRANCE & PARFUMS & ROLL-ONS","MEDICATED FLAGRANCE & PARFUMS & ROLL-ONS",yes,6,no
1746,"","ODOREX 0% PARFUM 50ML 48H","MEDICATED FLAGRANCE & PARFUMS & ROLL-ONS","MEDICATED FLAGRANCE & PARFUMS & ROLL-ONS",yes,12,no
1747,"","ODOREX 0% PARFUM DEO SPRAY 150ML 48H","MEDICATED FLAGRANCE & PARFUMS & ROLL-ONS","MEDICATED FLAGRANCE & PARFUMS & ROLL-ONS",yes,12,no
1754,"","ODOREX DEO ROLL ON INVISIBLE 50ML","MEDICATED FLAGRANCE & PARFUMS & ROLL-ONS","MEDICATED FLAGRANCE & PARFUMS & ROLL-ONS",yes,0,no
1753,"","ODOREX DEO ROLL ON MEN DRY PROTECT 50ML","MEDICATED FLAGRANCE & PARFUMS & ROLL-ONS","MEDICATED FLAGRANCE & PARFUMS & ROLL-ONS",yes,0,no
1751,"","ODOREX DEO ROLL ON NATURA FRESH 50ML","MEDICATED FLAGRANCE & PARFUMS & ROLL-ONS","MEDICATED FLAGRANCE & PARFUMS & ROLL-ONS",yes,60,no
1752,"","ODOREX DEO ROLL ON ULTRA PROTECT 50ML","MEDICATED FLAGRANCE & PARFUMS & ROLL-ONS","MEDICATED FLAGRANCE & PARFUMS & ROLL-ONS",yes,0,no
1838,"","Obsession Eau de parfum 100ml","MEDICATED FLAGRANCE & PARFUMS & ROLL-ONS","MEDICATED FLAGRANCE & PARFUMS & ROLL-ONS",yes,6,no
1816,"","Obsession for Men Eau de toilette 125ml","MEDICATED FLAGRANCE & PARFUMS & ROLL-ONS","MEDICATED FLAGRANCE & PARFUMS & ROLL-ONS",yes,6,no
1830,"","Olympéa Scent parfum 30ml","MEDICATED FLAGRANCE & PARFUMS & ROLL-ONS","MEDICATED FLAGRANCE & PARFUMS & ROLL-ONS",yes,6,no
1831,"","Pure XS for Her Eau de parfum 30ml","MEDICATED FLAGRANCE & PARFUMS & ROLL-ONS","MEDICATED FLAGRANCE & PARFUMS & ROLL-ONS",yes,6,no
1412,"","ROLL-ON SANEX 24H PH BALANCE DERMO CARE","MEDICATED FLAGRANCE & PARFUMS & ROLL-ONS","MEDICATED FLAGRANCE & PARFUMS & ROLL-ONS",yes,12,no
1413,"","ROLL-ON SANEX 48H BIOME PROTECT DERMO ANTI-IRRITATION","MEDICATED FLAGRANCE & PARFUMS & ROLL-ONS","MEDICATED FLAGRANCE & PARFUMS & ROLL-ONS",yes,12,no
1414,"","ROLL-ON SANEX DERMO EXTRA-CONTROL 50ML","MEDICATED FLAGRANCE & PARFUMS & ROLL-ONS","MEDICATED FLAGRANCE & PARFUMS & ROLL-ONS",yes,12,no
1415,"","ROLL-ON SANEX DERMO INVISIBLE 50ML","MEDICATED FLAGRANCE & PARFUMS & ROLL-ONS","MEDICATED FLAGRANCE & PARFUMS & ROLL-ONS",yes,12,no
1370,"","ROLLON POST BITE 10 ML","MEDICATED FLAGRANCE & PARFUMS & ROLL-ONS","MEDICATED FLAGRANCE & PARFUMS & ROLL-ONS",yes,0,no
1597,"","SUAVE  FRESH ANTI-STAIN 48H ROLL-ON LADY","MEDICATED FLAGRANCE & PARFUMS & ROLL-ONS","MEDICATED FLAGRANCE & PARFUMS & ROLL-ONS",yes,36,no
1598,"","SUAVE ACTIVE SPORT MEN ROLL-ON 48H","MEDICATED FLAGRANCE & PARFUMS & ROLL-ONS","MEDICATED FLAGRANCE & PARFUMS & ROLL-ONS",yes,36,no
1596,"","SUAVE SWEET PEA&VIOLET 48H ROLL-ON LADY","MEDICATED FLAGRANCE & PARFUMS & ROLL-ONS","MEDICATED FLAGRANCE & PARFUMS & ROLL-ONS",yes,36,no
1827,"","Scandal Intense Eau de parfum spray 30ml","MEDICATED FLAGRANCE & PARFUMS & ROLL-ONS","MEDICATED FLAGRANCE & PARFUMS & ROLL-ONS",yes,6,no
1810,"","Scandal Pour Homme The Intense (Eau de parfum refill) 50ML","MEDICATED FLAGRANCE & PARFUMS & ROLL-ONS","MEDICATED FLAGRANCE & PARFUMS & ROLL-ONS",yes,6,no
1806,"","Stronger With You Intensely (Intense Eau de Parfum) 50ML","MEDICATED FLAGRANCE & PARFUMS & ROLL-ONS","MEDICATED FLAGRANCE & PARFUMS & ROLL-ONS",yes,6,no
1852,"","Sì Passione Intense Eau de parfum 30ml","MEDICATED FLAGRANCE & PARFUMS & ROLL-ONS","MEDICATED FLAGRANCE & PARFUMS & ROLL-ONS",yes,6,no
1855,"","The Destined Shore Eau de parfum 100ml","MEDICATED FLAGRANCE & PARFUMS & ROLL-ONS","MEDICATED FLAGRANCE & PARFUMS & ROLL-ONS",yes,6,no
1823,"","The Heroic Man's Shore eau de toilette 100ml","MEDICATED FLAGRANCE & PARFUMS & ROLL-ONS","MEDICATED FLAGRANCE & PARFUMS & ROLL-ONS",yes,6,no
1812,"","The One For Men Eau de parfum 50ml","MEDICATED FLAGRANCE & PARFUMS & ROLL-ONS","MEDICATED FLAGRANCE & PARFUMS & ROLL-ONS",yes,6,no
1854,"","The Shore In Love Eau de parfum 100ml","MEDICATED FLAGRANCE & PARFUMS & ROLL-ONS","MEDICATED FLAGRANCE & PARFUMS & ROLL-ONS",yes,6,no
1848,"","The Shore Touch of Woman Eau de parfum 100ml","MEDICATED FLAGRANCE & PARFUMS & ROLL-ONS","MEDICATED FLAGRANCE & PARFUMS & ROLL-ONS",yes,6,no
1844,"","The only one  Eau de parfum spray 30ml","MEDICATED FLAGRANCE & PARFUMS & ROLL-ONS","MEDICATED FLAGRANCE & PARFUMS & ROLL-ONS",yes,6,no
1815,"","Uomo Born In Roma Extradose eau de parfum 50ml","MEDICATED FLAGRANCE & PARFUMS & ROLL-ONS","MEDICATED FLAGRANCE & PARFUMS & ROLL-ONS",yes,6,no
1850,"","Voce Viva Eau de parfum 30ml","MEDICATED FLAGRANCE & PARFUMS & ROLL-ONS","MEDICATED FLAGRANCE & PARFUMS & ROLL-ONS",yes,6,no
1190,"","ALWAYS SENSITIVE SANITARY NAPKIN LONG B/20","MOTHER & LADY RANGE","FEMININE INTIMATE CARE TOILETRIES",yes,0,no
1799,"","ALWAYS ULTRA SUPER SANITARY PADS WITH WINGS 16 PIECES","MOTHER & LADY RANGE","FEMININE INTIMATE CARE TOILETRIES",yes,0,no
1512,"","ALWAYS ULTRA SUPER SANITARY PADS WITH WINGS 16'","MOTHER & LADY RANGE","FEMININE INTIMATE CARE TOILETRIES",yes,0,no
1766,"","Always Panty Liners – Extra Protect Normal 58 pieces","MOTHER & LADY RANGE","FEMININE INTIMATE CARE TOILETRIES",yes,0,no
1463,"","FEMAPURE NO WORRIES PANTYLINER NORMAL 30","MOTHER & LADY RANGE","FEMININE INTIMATE CARE TOILETRIES",yes,60,no
1216,"","THERMOFACT MENSTRUAL HEATING PADS 2 PIECES","MOTHER & LADY RANGE","FEMININE INTIMATE CARE TOILETRIES",yes,60,no
1273,"","LANSINOH DISPOSABLE NURSING PADS 60PK","MOTHER & LADY RANGE","PREGNANT & BREASTFIDING MOTHER",yes,10,no
1185,"","LIFECARE EARLY PREGNANCY B/2","MOTHER & LADY RANGE","PREGNANT & BREASTFIDING MOTHER",yes,0,no
1245,"","VITALIO EARLY PREGNANCY TEST 2 PIECES","MOTHER & LADY RANGE","PREGNANT & BREASTFIDING MOTHER",yes,60,no
1630,"","4. ORAL CARE","ORAL CARE & ACCESSORIES","ORAL CARE & ACCESSORIES",yes,0,no
1279,"","BONI BROSSE A DENT MEDIUM 2 PACK","ORAL CARE & ACCESSORIES","ORAL CARE & ACCESSORIES",yes,0,no
1166,"","BROSSE A DENT ORAL-B INDICATEUR 1-2-3","ORAL CARE & ACCESSORIES","ORAL CARE & ACCESSORIES",yes,120,no
1162,"","BROSSE A DENTS BEBE PEPPA PIG 2 ROOMS","ORAL CARE & ACCESSORIES","ORAL CARE & ACCESSORIES",yes,12,no
1632,"","CREST 3D WHITE STAIN ERASER ICY CLEAN MINT  TOOTHPASTE 75ML","ORAL CARE & ACCESSORIES","ORAL CARE & ACCESSORIES",yes,30,no
1631,"","CREST KIDS TOOTHPASTE FROZEN 3+","ORAL CARE & ACCESSORIES","ORAL CARE & ACCESSORIES",yes,36,no
1327,"","ELGYDIUM DENTIFRICE JUNIOR   7-12  ANS 50ML","ORAL CARE & ACCESSORIES","ORAL CARE & ACCESSORIES",yes,0,no
1324,"","ELMEX SENSITIVITE BROSSE A DENT 2 PACK","ORAL CARE & ACCESSORIES","ORAL CARE & ACCESSORIES",yes,0,no
1765,"","Elmex Toothpaste – Anti Caries Professional 75 ml","ORAL CARE & ACCESSORIES","ORAL CARE & ACCESSORIES",yes,0,no
1764,"","Elmex Toothpaste – Enamel Protection Profess 75 ml","ORAL CARE & ACCESSORIES","ORAL CARE & ACCESSORIES",yes,0,no
1202,"","OPTISMILE NATURA TEETH WHITENING 30GR","ORAL CARE & ACCESSORIES","ORAL CARE & ACCESSORIES",yes,24,no
1762,"","Prodent Toothpaste – Kids 6+ Enamel Protector 75 ml","ORAL CARE & ACCESSORIES","ORAL CARE & ACCESSORIES",yes,0,no
1763,"","Prodent Toothpaste – Kids 6+ Super Mario Mint 75 ml.","ORAL CARE & ACCESSORIES","ORAL CARE & ACCESSORIES",yes,0,no
1516,"","SENSODYNE GENCIVE BROSSE A DENT SOUPLE","ORAL CARE & ACCESSORIES","ORAL CARE & ACCESSORIES",yes,0,no
1325,"","SIGNAL DENTIFRICE DETOX BANCHEUR ARGILE CHARBON 75ML","ORAL CARE & ACCESSORIES","ORAL CARE & ACCESSORIES",yes,0,no
1165,"","STYLO DE BLANCHIMENT DENTAIRE WHITE 1.8ML","ORAL CARE & ACCESSORIES","ORAL CARE & ACCESSORIES",yes,6,no
1375,"","TOOTHPASTE APPLEBANANA 6-24M NO FLUORIDE","ORAL CARE & ACCESSORIES","ORAL CARE & ACCESSORIES",yes,0,no
1377,"","TOOTHPASTE MILD MINT 6Y+ FLUORINE","ORAL CARE & ACCESSORIES","ORAL CARE & ACCESSORIES",yes,0,no
1376,"","TOOTHPASTE STRAWBERRY 1-5Y NO FLUORIDE","ORAL CARE & ACCESSORIES","ORAL CARE & ACCESSORIES",yes,0,no
1164,"","OPTISMILE CHARCOAL & MINT DENTAL FLOSS 50ML","ORAL CARE & ACCESSORIES","TOOTHBRUSH & FLOSS",yes,0,no
1534,"","POWERPLUS RECHARGEABLES TOOTHBRUSH","ORAL CARE & ACCESSORIES","TOOTHBRUSH & FLOSS",yes,36,no
1529,"","SUDOCREM ANTISEPTIC 60G/B/12","OTCs","OVER THE COUNTER MEDICINES AND TOPICAL",yes,240,no
1488,"","1. ENFAMIL PREMIUM BABY MILK (RECKITT BENCISER)","OTHERS","NEEDS CATEGORY REVIEW",yes,0,no
1593,"","1. GENERAL COSMETICS","OTHERS","NEEDS CATEGORY REVIEW",yes,0,no
1275,"","1. NESTLE","OTHERS","NEEDS CATEGORY REVIEW",yes,0,no
1432,"","1. PROTEIN(shakes&powders)","OTHERS","NEEDS CATEGORY REVIEW",yes,0,no
1950,"","12/COLOR/SIZE","OTHERS","NEEDS CATEGORY REVIEW",yes,0,no
1292,"","13 th, Jan, 2023","OTHERS","NEEDS CATEGORY REVIEW",yes,0,no
1360,"","2 TEAT NATURALFEELING 6M+ F FAST","OTHERS","NEEDS CATEGORY REVIEW",yes,0,no
1942,"","2 YRS SHELFLIFE","OTHERS","NEEDS CATEGORY REVIEW",yes,0,no
1276,"","2. NUTRICIA","OTHERS","NEEDS CATEGORY REVIEW",yes,0,no
1489,"","2. OTHER HEALTHCARES PRODUCTS (RECKITT BENCISER)","OTHERS","NEEDS CATEGORY REVIEW",yes,0,no
1440,"","2. WEIGHT GAINERS","OTHERS","NEEDS CATEGORY REVIEW",yes,0,no
1612,"","2.FOOD GERBER CEREAL","OTHERS","NEEDS CATEGORY REVIEW",yes,0,no
1486,"","20 CRTNS/ 500 PIECES","OTHERS","NEEDS CATEGORY REVIEW",yes,0,no
1449,"","26 th, Sept, 2023","OTHERS","NEEDS CATEGORY REVIEW",yes,0,no
1588,"","3 rd, JAN, 2024","OTHERS","NEEDS CATEGORY REVIEW",no,0,no
1618,"","3. ACNE FREE BRAND PRODUCTS(COSMETICS)","OTHERS","NEEDS CATEGORY REVIEW",yes,0,no
1287,"","3. JOHNSONS&JOHNSONS","OTHERS","NEEDS CATEGORY REVIEW",yes,0,no
1289,"","4. PROCTER AND GAMBLE PRODUCTS","OTHERS","NEEDS CATEGORY REVIEW",yes,0,no
1308,"","5 CARTONS","OTHERS","NEEDS CATEGORY REVIEW",yes,0,no
1290,"","5. GSK PRODUCTS","OTHERS","NEEDS CATEGORY REVIEW",yes,0,no
1291,"","6. ELSEWHERE","OTHERS","NEEDS CATEGORY REVIEW",yes,0,no
1592,"","6th, SPT, 2024","OTHERS","NEEDS CATEGORY REVIEW",yes,0,no
1625,"","ACNE FREE ACNE CLEARING SULFUR MASK 48G","OTHERS","NEEDS CATEGORY REVIEW",yes,0,no
1624,"","ACNE FREE BLACKHEAD REMOVING SCRUB 150ML","OTHERS","NEEDS CATEGORY REVIEW",yes,0,no
1628,"","ACNE FREE KIT OIL FRE 24 HRS ACNE CLEARING SYSTEM","OTHERS","NEEDS CATEGORY REVIEW",yes,0,no
1626,"","ACNE FREE OIL FREE ACNE CLEANSER 225ML","OTHERS","NEEDS CATEGORY REVIEW",yes,0,no
1619,"","ACNE FREE SALICYLIC ACID BODY SPRAY 142G","OTHERS","NEEDS CATEGORY REVIEW",yes,0,no
1629,"","ACNE FREE SEVERE ACNE 24 HRS ACNE CLEARING SYSTEM","OTHERS","NEEDS CATEGORY REVIEW",yes,0,no
1620,"","ACNE FREE TERMINATOR10 30ML","OTHERS","NEEDS CATEGORY REVIEW",yes,0,no
1627,"","ACNE FREE WITCH HAZEL MATTIFYING TONER 250ML","OTHERS","NEEDS CATEGORY REVIEW",yes,0,no
1622,"","ADAPALENE GEL 0.15 15G","OTHERS","NEEDS CATEGORY REVIEW",yes,0,no
1297,"","AFTER QUOTE","OTHERS","NEEDS CATEGORY REVIEW",yes,0,no
1934,"","ALWAYS CLASSIC NORMAL 10 PCS","OTHERS","NEEDS CATEGORY REVIEW",yes,10,no
1300,"","ALWAYS CLASSIC NORMAL B/10","OTHERS","NEEDS CATEGORY REVIEW",yes,0,no
1511,"","ALWAYS CLASSIC NORMAL INTIMATE PADS 10 PCS","OTHERS","NEEDS CATEGORY REVIEW",yes,0,no
1933,"","ALWAYS CLASSIC SENSITIVE MAX SENSITIVE 9 PCS","OTHERS","NEEDS CATEGORY REVIEW",yes,10,no
1261,"","ALWAYS MAX THICK ALABIA B/10","OTHERS","NEEDS CATEGORY REVIEW",yes,0,no
1262,"","ALWAYS MAXI THICK JUMBO PACK B/30","OTHERS","NEEDS CATEGORY REVIEW",yes,0,no
1513,"","ALWAYS MAXI-LONG COMFORT&PROTECTION 18 PCS","OTHERS","NEEDS CATEGORY REVIEW",yes,0,no
1935,"","ALWAYS ULTRA DUO  SUPER PLUS 16 PCS","OTHERS","NEEDS CATEGORY REVIEW",yes,10,no
1951,"","ANNO SABO UNISEX: TPE1206B, 100% TPE MATERIAL, AUTOCLAVABLE 134oC,HEIEL HEIGHT:3.5Cm","OTHERS","NEEDS CATEGORY REVIEW",yes,0,no
1952,"","ANNO UNISEX LP1601, COWWHIDE UPPER MATERIAL, RUBBER OUTSIDE","OTHERS","NEEDS CATEGORY REVIEW",yes,0,no
1946,"","ANR1701","OTHERS","NEEDS CATEGORY REVIEW",yes,0,no
1299,"","ASSOUMPTA MBARUSHIMANA","OTHERS","NEEDS CATEGORY REVIEW",no,0,no
1182,"","AUTO-EHOB-FIRST KIT AID","OTHERS","NEEDS CATEGORY REVIEW",yes,0,no
1154,"","AVENT SET OF 2 BOWLS FOR BABIES 6M+","OTHERS","NEEDS CATEGORY REVIEW",yes,0,no
1309,"","AVILEA DISQUE A DEMAQUILLER 80PCS","OTHERS","NEEDS CATEGORY REVIEW",yes,0,no
1328,"","AXITRANS AISSSEILS CLASSIC ROLLER 20ML","OTHERS","NEEDS CATEGORY REVIEW",yes,0,no
1409,"","Acupuncture Slippers ~ Tabata Outdoor Slippers For Women (Standard Size)","OTHERS","NEEDS CATEGORY REVIEW",yes,0,no
1410,"","BAD","OTHERS","NEEDS CATEGORY REVIEW",no,0,no
1321,"","BASMA JUNIOR","OTHERS","NEEDS CATEGORY REVIEW",yes,0,no
1320,"","BASMA MEDIUM","OTHERS","NEEDS CATEGORY REVIEW",yes,0,no
1732,"","BEL-DAME LAIT CORPS ÉCLAIR BLEU 500ML","OTHERS","NEEDS CATEGORY REVIEW",yes,0,no
1733,"","BEL-DAME LAIT CORPS ÉCLAIR WHITE 500ML","OTHERS","NEEDS CATEGORY REVIEW",yes,0,no
1249,"","BELLUTO ACCESSORIES MASSAGE ROLLER","OTHERS","NEEDS CATEGORY REVIEW",yes,24,no
1874,"","BEPANTHEN NAPY RASH 50G","OTHERS","NEEDS CATEGORY REVIEW",yes,0,no
1338,"","BIOTHERM BIO-VERGETURES BODY MILK GEL-CRÈME 400ML","OTHERS","NEEDS CATEGORY REVIEW",yes,0,no
1336,"","BIOTHERM LAIT MULTI CORRECTRICE CORPS 400ML","OTHERS","NEEDS CATEGORY REVIEW",yes,0,no
1335,"","BIOTHERM OILY THERAPY BAUME CORP 400ML","OTHERS","NEEDS CATEGORY REVIEW",yes,0,no
1337,"","BIOTHERM ORIGINAL LOTION CORPS ANTI-DRYING 400ML","OTHERS","NEEDS CATEGORY REVIEW",yes,0,no
1919,"","BISCUIT DIGESTIVE 200G","OTHERS","NEEDS CATEGORY REVIEW",yes,5,no
1920,"","BISCUIT DIGESTIVE 250G","OTHERS","NEEDS CATEGORY REVIEW",yes,5,no
1921,"","BISCUIT DIGESTIVE SUGAR FREE 250G","OTHERS","NEEDS CATEGORY REVIEW",yes,5,no
1692,"","BISCUIT P'TIT BISCUIT 12 -36M+,  180G","OTHERS","NEEDS CATEGORY REVIEW",yes,0,no
1939,"","BISCUIT SWEET PLUS BABIES 240G","OTHERS","NEEDS CATEGORY REVIEW",yes,5,no
1295,"","BLISTEX MEDIPLUS TUBE SPF15 LIP BALM","OTHERS","NEEDS CATEGORY REVIEW",yes,0,no
1284,"","BONI COMPRIME MAGNESIUM EFFERVESCENT B-20","OTHERS","NEEDS CATEGORY REVIEW",yes,0,no
1278,"","BONI MAKE-UP REMOVER DISC 2 PACK","OTHERS","NEEDS CATEGORY REVIEW",yes,0,no
1283,"","BONI MENTHOL MOUCHOIR 12*10","OTHERS","NEEDS CATEGORY REVIEW",yes,0,no
1280,"","BONI MUCHOIR 4E KIDS 15*10","OTHERS","NEEDS CATEGORY REVIEW",yes,0,no
1281,"","BONI PROTÉGÉ-SLIP NORMAL B-60","OTHERS","NEEDS CATEGORY REVIEW",yes,0,no
1849,"","BOSS THE SCENT for Her SCENT 50ML","OTHERS","NEEDS CATEGORY REVIEW",yes,6,no
1348,"","BREAST SHELLS","OTHERS","NEEDS CATEGORY REVIEW",yes,0,no
1156,"","CANPOL BABIES NON-SPILL CUP FIRM 250ML TOYS GREEN","OTHERS","NEEDS CATEGORY REVIEW",yes,0,no
1634,"","CARDIOACE","OTHERS","NEEDS CATEGORY REVIEW",yes,0,no
1636,"","CARDIOACE PLUS","OTHERS","NEEDS CATEGORY REVIEW",yes,0,no
1509,"","CARMEX LIP STICK SPF 15","OTHERS","NEEDS CATEGORY REVIEW",yes,36,no
1319,"","CARTON SIZE;325MM*200MM*165MM, QTY/N0S: 1*96","OTHERS","NEEDS CATEGORY REVIEW",yes,0,no
1347,"","CHICCO PRODUCTS LIST TO FOCUS ON","OTHERS","NEEDS CATEGORY REVIEW",yes,0,no
1784,"","CLITHERAPY CLITORIS BALM 8G-BAD DAY KILLER","OTHERS","NEEDS CATEGORY REVIEW",yes,24,no
1264,"","COLGATE-PALMOLIVE /UNILEVER PRODUCTS","OTHERS","NEEDS CATEGORY REVIEW",yes,0,no
1867,"","Carpe No-Sweat Groin Powder (for Women) - Designed for Maximum Sweat Absorption","OTHERS","NEEDS CATEGORY REVIEW",yes,6,no
1878,"","DD-BREASTEN B/60","OTHERS","NEEDS CATEGORY REVIEW",yes,12,no
1381,"","DECEMBER","OTHERS","NEEDS CATEGORY REVIEW",no,0,no
1601,"","DEGREE WOMEN DRY PROTECTION TWIN PACK","OTHERS","NEEDS CATEGORY REVIEW",yes,36,no
1244,"","DENVER SPORTS SMART-WHATCH","OTHERS","NEEDS CATEGORY REVIEW",yes,0,no
1712,"","DERM4-MIRACLE FINE  UNIFYING GLYCERINE 500ML","OTHERS","NEEDS CATEGORY REVIEW",yes,0,no
1713,"","DERM4-MIRACLE LAIT BEBE  1000ML","OTHERS","NEEDS CATEGORY REVIEW",yes,0,no
1711,"","DERM4-MIRACLE LAIT MIRACLE CACAO 500ML","OTHERS","NEEDS CATEGORY REVIEW",yes,0,no
1709,"","DERM4-MIRACLE LAIT MIRACLE CAROTTE 500ML","OTHERS","NEEDS CATEGORY REVIEW",yes,0,no
1708,"","DERM4-MIRACLE LAIT MIRACLE KARITE 500ML","OTHERS","NEEDS CATEGORY REVIEW",yes,0,no
1710,"","DERM4-MIRACLE LAIT SUBRIME ARGAN MILK OIL 500ML","OTHERS","NEEDS CATEGORY REVIEW",yes,0,no
1528,"","DETTOL  750ML B/25","OTHERS","NEEDS CATEGORY REVIEW",yes,60,no
1887,"","DEVILS CANDY ERECTA CREAM 50ML","OTHERS","NEEDS CATEGORY REVIEW",yes,36,no
1893,"","DEVIS CAND EJACT DELAY GEL 50ML","OTHERS","NEEDS CATEGORY REVIEW",yes,36,no
1891,"","DEVIS CANDY MONSTER COCK B/60","OTHERS","NEEDS CATEGORY REVIEW",yes,36,no
1506,"","DEXTRO-ENERGY BLACKCURANT+VIT C EFF TABLETS","OTHERS","NEEDS CATEGORY REVIEW",yes,36,no
1637,"","DIABETONE","OTHERS","NEEDS CATEGORY REVIEW",yes,0,no
1638,"","DIABETONE PLUS","OTHERS","NEEDS CATEGORY REVIEW",yes,0,no
1200,"","DODYMASS MAGNESIUM CITRATE 200MG","OTHERS","NEEDS CATEGORY REVIEW",yes,0,no
1298,"","DONE ON:","OTHERS","NEEDS CATEGORY REVIEW",no,0,no
1875,"","DONE ON: 20th, Oct, 2024","OTHERS","NEEDS CATEGORY REVIEW",no,0,no
1426,"","DOVE BAUME À LÈVRES NOURISHING LIPCARE ESSENTIEL INTENSIF 24H 4,8G","OTHERS","NEEDS CATEGORY REVIEW",yes,60,no
1425,"","DOVE BAUME À LÈVRES NOURISHING LIPCARE SOIN HYDRATANT 24H 4,8G","OTHERS","NEEDS CATEGORY REVIEW",yes,120,no
1925,"","DROPS ORBIT SPEARMINT  16 PCS","OTHERS","NEEDS CATEGORY REVIEW",yes,5,no
1926,"","DROPS ORBIT STRONG MINT  16 PCS","OTHERS","NEEDS CATEGORY REVIEW",yes,5,no
1768,"","DUREX PLEASURE FRUIT 144 PIECES","OTHERS","NEEDS CATEGORY REVIEW",yes,12,no
1490,"","DUREX REAL FEEL PLEASURE GEL 50ML","OTHERS","NEEDS CATEGORY REVIEW",yes,0,no
1224,"","Denver Smartwatch - Blue SWC387B","OTHERS","NEEDS CATEGORY REVIEW",yes,0,no
1442,"","EASY CLEAN SOFT 6 PACK 3'S X 16","OTHERS","NEEDS CATEGORY REVIEW",yes,5,no
1475,"","ELEGANZA COLLUS REMOVER 3 PCS","OTHERS","NEEDS CATEGORY REVIEW",yes,6,no
1518,"","ELGYDIUM BABY 0-2 YRS","OTHERS","NEEDS CATEGORY REVIEW",yes,0,no
1519,"","ELGYDIUM KIDS 3/6 STRAWBERRY","OTHERS","NEEDS CATEGORY REVIEW",yes,0,no
1326,"","ELGYDIUM PREMIERES DENT BEBE 0-2 ANS 50ML","OTHERS","NEEDS CATEGORY REVIEW",yes,0,no
1163,"","ELLE EYEBROW TIMER","OTHERS","NEEDS CATEGORY REVIEW",yes,0,no
1703,"","ENFAMIL NO2 A+, NEURO PRO 400G","OTHERS","NEEDS CATEGORY REVIEW",yes,0,no
1696,"","ENFAMIL PREMIUM / COMPLETE NO1 400G","OTHERS","NEEDS CATEGORY REVIEW",yes,0,no
1699,"","ENFAMIL PREMIUM/ COMPLETE  NO2 400G","OTHERS","NEEDS CATEGORY REVIEW",yes,0,no
1698,"","ENFAMIL PREMIUM/ COMPLETE  NO2 800G","OTHERS","NEEDS CATEGORY REVIEW",yes,0,no
1201,"","EPILATEUR A SOURCILS ELLE ELECTRIC","OTHERS","NEEDS CATEGORY REVIEW",yes,0,no
1882,"","ERECT RECOVER B/30","OTHERS","NEEDS CATEGORY REVIEW",yes,24,no
1282,"","EVERYDAY PAPIER MOUCHOIR 30*10","OTHERS","NEEDS CATEGORY REVIEW",yes,0,no
1157,"","EXCELLENT CARE BAND-AIDS B/100","OTHERS","NEEDS CATEGORY REVIEW",yes,0,no
1405,"","Eva Massage Slipper l Economic Japanese Slippers l Lightweight Slippers For Men And Women With Transfiguration Seeds","OTHERS","NEEDS CATEGORY REVIEW",yes,0,no
1736,"","F&W DOLD N02 LAIT CORPS SOIN UNIFIANT 500ML","OTHERS","NEEDS CATEGORY REVIEW",yes,0,no
1734,"","F&W SO-FRUIT RADIANCE BOOSTER LAIT CORPS 400ML","OTHERS","NEEDS CATEGORY REVIEW",yes,0,no
1735,"","F&W SO-WHITE LAIT SKIN PERFECTOR 500ML","OTHERS","NEEDS CATEGORY REVIEW",yes,0,no
1351,"","F.BOTTLE PERFECT5 PP UNI 240 MED SIL CL2","OTHERS","NEEDS CATEGORY REVIEW",yes,0,no
1350,"","F.BOTTLE PERFECT5 PP UNI150 SLOW SIL CL2","OTHERS","NEEDS CATEGORY REVIEW",yes,0,no
1352,"","F.BOTTLE PERFECT5 PP UNI300 FAST SIL CL2","OTHERS","NEEDS CATEGORY REVIEW",yes,0,no
1353,"","FBOTTLE NATURALFEELIG 0M+150ML F NORM EP","OTHERS","NEEDS CATEGORY REVIEW",yes,0,no
1355,"","FBOTTLE NATURALFEELIG 6M+330ML F FAST EP","OTHERS","NEEDS CATEGORY REVIEW",yes,0,no
1354,"","FBOTTLE NATURALFEELING2M+ 250ML F MED EP","OTHERS","NEEDS CATEGORY REVIEW",yes,0,no
1383,"","FEBRUALY","OTHERS","NEEDS CATEGORY REVIEW",no,0,no
1460,"","FEMAPURE NO WORRIES SANITY PADS NIGHT 8","OTHERS","NEEDS CATEGORY REVIEW",yes,120,no
1462,"","FEMAPURE NO WORRIES SANITY PADS NORMAL 10","OTHERS","NEEDS CATEGORY REVIEW",yes,120,no
1461,"","FEMAPURE NO WORRIES SANITY PADS SUPER 8","OTHERS","NEEDS CATEGORY REVIEW",yes,60,no
1639,"","FEROGLOBIN","OTHERS","NEEDS CATEGORY REVIEW",yes,0,no
1369,"","FIRST CUTLERY 12M+ NEUTRAL","OTHERS","NEEDS CATEGORY REVIEW",yes,0,no
1250,"","FOOD STAFFS","OTHERS","NEEDS CATEGORY REVIEW",yes,0,no
1466,"","FORMIDI RESEALABLE FOOD BAG 800ML 50 PIECES","OTHERS","NEEDS CATEGORY REVIEW",yes,60,no
1944,"","FREE 1901","OTHERS","NEEDS CATEGORY REVIEW",yes,0,no
1197,"","FRESH COURAGE MENTHE POIVRE 200G","OTHERS","NEEDS CATEGORY REVIEW",yes,12,no
1323,"","FRESH-UP SOFT","OTHERS","NEEDS CATEGORY REVIEW",yes,0,no
1396,"","Fashion Sandals shuta Foot Massage With Comfortable High Quality Slippers For Women's","OTHERS","NEEDS CATEGORY REVIEW",yes,0,no
1403,"","Fashion highly durable and comforttable foot massage and house slipper fot womens","OTHERS","NEEDS CATEGORY REVIEW",yes,0,no
1408,"","Foot Reflexology Massage Health Slippers AS1 (Brown) / Asadi","OTHERS","NEEDS CATEGORY REVIEW",yes,0,no
1476,"","GARDEN COLLECTION INSECT CATCHERS 4 PACK","OTHERS","NEEDS CATEGORY REVIEW",yes,60,no
1417,"","GARNIER - SAVON NOIR NETTOYANT CHARBON PEAUX À IMPERFECTIONS - 100G","OTHERS","NEEDS CATEGORY REVIEW",yes,60,no
1452,"","GERBER MISKOPTY Biscuits for babies after 8 months 180 g","OTHERS","NEEDS CATEGORY REVIEW",yes,120,no
1211,"","GLASS CASES","OTHERS","NEEDS CATEGORY REVIEW",yes,36,no
1594,"","GOLDBOND DIABETIC LOTION 13 OZ","OTHERS","NEEDS CATEGORY REVIEW",yes,0,no
1395,"","GRACE","OTHERS","NEEDS CATEGORY REVIEW",no,0,no
1267,"","GSK","OTHERS","NEEDS CATEGORY REVIEW",yes,0,no
1446,"","GSK POZNAN POLAND https://pl.gsk.com","OTHERS","NEEDS CATEGORY REVIEW",yes,0,no
1839,"","Guilty Absolute for women scent 60ml","OTHERS","NEEDS CATEGORY REVIEW",yes,6,no
1504,"","HALIBORANGE VIT C 1000MG 20'S LEMON FLAVOUR","OTHERS","NEEDS CATEGORY REVIEW",yes,24,no
1505,"","HALIBORANGE VIT C 20'S BLACKCURANT FLAVOUR","OTHERS","NEEDS CATEGORY REVIEW",yes,24,no
1583,"","HEINZ APPLE BISCUIT","OTHERS","NEEDS CATEGORY REVIEW",yes,120,no
1580,"","HEINZ FIRST STEPS CREAM FRUITS PORRIDGE","OTHERS","NEEDS CATEGORY REVIEW",yes,120,no
1582,"","HEINZ NOODLES","OTHERS","NEEDS CATEGORY REVIEW",yes,120,no
1581,"","HEINZ PERFECT PEACH MULTI 7M+","OTHERS","NEEDS CATEGORY REVIEW",yes,120,no
1584,"","HEINZ POT FRUITY MEDLEY CUSTARD","OTHERS","NEEDS CATEGORY REVIEW",yes,120,no
1883,"","HIGH OCTANE DYNAMIT B/60","OTHERS","NEEDS CATEGORY REVIEW",yes,24,no
1892,"","HIGH OCTANE PENIS ENLARGEMENT B/60","OTHERS","NEEDS CATEGORY REVIEW",yes,36,no
1911,"","HIGH OCTANE PREDATOR B/60","OTHERS","NEEDS CATEGORY REVIEW",no,36,no
1212,"","HIKER'S PEPPERMINT LOZENGES B/100","OTHERS","NEEDS CATEGORY REVIEW",yes,0,no
1213,"","HIKER'S SPEARMINT LOZENGES B/101","OTHERS","NEEDS CATEGORY REVIEW",yes,0,no
1214,"","HIKER'S STORM MINT LOZENGES B/25","OTHERS","NEEDS CATEGORY REVIEW",yes,0,no
1499,"","HOLIBORANGE SOFTIES CALC+VIT D BONE&TEETH 30","OTHERS","NEEDS CATEGORY REVIEW",yes,12,no
1777,"","HOT STIMULERENDE CLITORIS SPRAY 50ML","OTHERS","NEEDS CATEGORY REVIEW",yes,6,no
1400,"","Home massage indoor couple summer soft bottom outer wear men's and women's slippers","OTHERS","NEEDS CATEGORY REVIEW",yes,0,no
1707,"","I. GENERAL","OTHERS","NEEDS CATEGORY REVIEW",yes,0,no
1805,"","I. MEN","OTHERS","NEEDS CATEGORY REVIEW",yes,0,no
1341,"","I. SUNNY ISLE","OTHERS","NEEDS CATEGORY REVIEW",yes,0,no
1342,"","II. AUNT JACKIE'S KIDS","OTHERS","NEEDS CATEGORY REVIEW",yes,0,no
1825,"","II. WOMEN","OTHERS","NEEDS CATEGORY REVIEW",yes,0,no
1343,"","III. AUNT JACKIE'S ADULT","OTHERS","NEEDS CATEGORY REVIEW",yes,0,no
1641,"","IMMUNACE","OTHERS","NEEDS CATEGORY REVIEW",yes,0,no
1642,"","IMMUNACE EXTRA PTOTECTION","OTHERS","NEEDS CATEGORY REVIEW",yes,0,no
1585,"","INDOMIE SPECIAL CHICKEN  INSTANT NOODLES 10*75G","OTHERS","NEEDS CATEGORY REVIEW",yes,120,no
1586,"","INDOMIE SPECIAL CHICKEN  INSTANT NOODLES 5*75G","OTHERS","NEEDS CATEGORY REVIEW",yes,120,no
1587,"","INDOMIE SPECIAL VEGETABLES INSTANT NOODLES 5*75G","OTHERS","NEEDS CATEGORY REVIEW",yes,120,no
1168,"","INSECT AFTER BITTING GEL 20ML","OTHERS","NEEDS CATEGORY REVIEW",yes,60,no
1914,"","Incl. BTW","OTHERS","NEEDS CATEGORY REVIEW",no,0,no
1382,"","JANUARY","OTHERS","NEEDS CATEGORY REVIEW",no,0,no
1643,"","JOINTAGE","OTHERS","NEEDS CATEGORY REVIEW",yes,0,no
1644,"","JOINTAGE SPORT","OTHERS","NEEDS CATEGORY REVIEW",yes,0,no
1610,"","K-Y DURATION K-Y DON'T STOP SPRAY","OTHERS","NEEDS CATEGORY REVIEW",yes,0,no
1623,"","KAOLIN CLAY DETOX MASK WITH CHARCOAL 150ML","OTHERS","NEEDS CATEGORY REVIEW",yes,0,no
1684,"","KAYTAN Y-SHAPED MASSAGE ROLLER","OTHERS","NEEDS CATEGORY REVIEW",yes,24,no
1160,"","KIT DE SOINS POUR BEBE ALVAR B/9","OTHERS","NEEDS CATEGORY REVIEW",yes,6,no
1226,"","KLEENEX EVERYDAY TISSUES 8 *9 HANDKERCHIEFS","OTHERS","NEEDS CATEGORY REVIEW",yes,120,no
1804,"","KOTEX ULTRA-SORB COMFORT 16'S NORMAL","OTHERS","NEEDS CATEGORY REVIEW",yes,0,no
1683,"","L'AIRYA ALMOND OIL 150ML","OTHERS","NEEDS CATEGORY REVIEW",yes,24,no
1681,"","L'AIRYA ARGAN OIL 100ML","OTHERS","NEEDS CATEGORY REVIEW",yes,24,no
1680,"","L'AIRYA CASTOR OIL 150ML","OTHERS","NEEDS CATEGORY REVIEW",yes,24,no
1682,"","L'AIRYA JOJOBA OIL 100ML","OTHERS","NEEDS CATEGORY REVIEW",yes,24,no
1419,"","LA CIGALE SAVON DE MARSEILLE AMANDE DOUCE (4x100G) FR","OTHERS","NEEDS CATEGORY REVIEW",yes,36,no
1420,"","LA CIGALE SAVON DE MARSEILLE LAVANDE (4x100G) FR","OTHERS","NEEDS CATEGORY REVIEW",yes,36,no
1421,"","LA CIGALE SAVON DE MARSEILLE MIEL (4x100G) FR","OTHERS","NEEDS CATEGORY REVIEW",yes,36,no
1422,"","LA CIGALE SAVON DE MARSEILLE OLIVES (4x100G) FR","OTHERS","NEEDS CATEGORY REVIEW",yes,36,no
1322,"","LAMSA HARD","OTHERS","NEEDS CATEGORY REVIEW",yes,0,no
1274,"","LE 16, SEPTEMBRE,2022","OTHERS","NEEDS CATEGORY REVIEW",no,0,no
1193,"","LEESBRIL LENS( +1,,,+3)","OTHERS","NEEDS CATEGORY REVIEW",yes,0,no
1186,"","LIFECARE DISPOSABLE WASH MITTS","OTHERS","NEEDS CATEGORY REVIEW",yes,20,no
1645,"","LIVEREL","OTHERS","NEEDS CATEGORY REVIEW",yes,0,no
1646,"","LIVEREL TABLETS","OTHERS","NEEDS CATEGORY REVIEW",yes,0,no
1286,"","LOTUS MENTHOL EUCALYPTOL MOUCHOIR 15 ETUIS","OTHERS","NEEDS CATEGORY REVIEW",yes,0,no
1800,"","LOTUS MOLTONEL FORMAT*18 ROSE","OTHERS","NEEDS CATEGORY REVIEW",yes,0,no
1515,"","LOTUS MOUCHOIRS MENTHOL&EUCALYPTOL ETUI*15","OTHERS","NEEDS CATEGORY REVIEW",yes,0,no
1448,"","Labello men Active Care balsam do ust dla mężczyzn 4.8g","OTHERS","NEEDS CATEGORY REVIEW",yes,0,no
1890,"","MACH 1 GIGA B/60","OTHERS","NEEDS CATEGORY REVIEW",yes,24,no
1938,"","MAGGI CREAM BROCCOLI SOUP 52G","OTHERS","NEEDS CATEGORY REVIEW",yes,5,no
1937,"","MAGGI CREAM CHICKEN SOUP 54G","OTHERS","NEEDS CATEGORY REVIEW",yes,5,no
1936,"","MAGGI MUSHROOM SOUP 52G","OTHERS","NEEDS CATEGORY REVIEW",yes,5,no
1724,"","MAKARI BEBE SET( LAIT HYDR, SAVON, GEL, HUILE)","OTHERS","NEEDS CATEGORY REVIEW",yes,0,no
1725,"","MAKARI NAT  INTENSE EXTREME BEURRE DE KARITE LAIT CORP 500ML","OTHERS","NEEDS CATEGORY REVIEW",yes,0,no
1726,"","MAKARI NATURELLE CAROTONIC  INTENSE EXTREME  LAIT CORP 500ML","OTHERS","NEEDS CATEGORY REVIEW",yes,0,no
1271,"","MAKE UP REMOVAL DISC 80PCS","OTHERS","NEEDS CATEGORY REVIEW",yes,60,no
1158,"","MASTERPLAST HEEL BALM","OTHERS","NEEDS CATEGORY REVIEW",yes,0,no
1453,"","MASTERPLAST HEEL BALM 70G","OTHERS","NEEDS CATEGORY REVIEW",yes,60,no
1647,"","MENOPACE","OTHERS","NEEDS CATEGORY REVIEW",yes,0,no
1649,"","MENOPACE CALCIUM","OTHERS","NEEDS CATEGORY REVIEW",yes,0,no
1648,"","MENOPACE MAX","OTHERS","NEEDS CATEGORY REVIEW",yes,0,no
1880,"","MENOSTOP B/60","OTHERS","NEEDS CATEGORY REVIEW",yes,24,no
1447,"","MENTHOL HAND CRAFT FOR FLOUGH 15*10*4","OTHERS","NEEDS CATEGORY REVIEW",yes,0,no
1471,"","MICRO-FIBER CLOTHS  4 PIECES (30*30cm)","OTHERS","NEEDS CATEGORY REVIEW",yes,0,no
1535,"","MICROPOWER HEAD REPLACEMENT","OTHERS","NEEDS CATEGORY REVIEW",yes,60,no
1209,"","MINT DRAGEES 5","OTHERS","NEEDS CATEGORY REVIEW",yes,0,no
1307,"","MISCELABEOUS","OTHERS","NEEDS CATEGORY REVIEW",yes,0,no
1876,"","MUSCLE BOOSTER B/60","OTHERS","NEEDS CATEGORY REVIEW",yes,24,no
1861,"","MYMULIKE NAIL REPAIR REQUID EXTRA-STRENGHTEN","OTHERS","NEEDS CATEGORY REVIEW",yes,60,no
1225,"","Montre connectée Denver - noir, SWC387B","OTHERS","NEEDS CATEGORY REVIEW",yes,0,no
1189,"","NAGELBORSTEL NAIL BRUSH","OTHERS","NEEDS CATEGORY REVIEW",yes,0,no
1532,"","NAIR BODY WAX GEL 250G","OTHERS","NEEDS CATEGORY REVIEW",yes,60,no
1916,"","NAN LACTOSE FREE  400G","OTHERS","NEEDS CATEGORY REVIEW",yes,5,no
1514,"","NANA MAXI GOODNIGH ULTRA LARGE 20""S","OTHERS","NEEDS CATEGORY REVIEW",yes,0,no
1949,"","NAVY BLUE(S,M,L,XL), DARK GRAY (S,M,L,XL), LIGHT PASTEUR PULPLE (S,M,L,XL)","OTHERS","NEEDS CATEGORY REVIEW",yes,0,no
1689,"","NESTLE DESSERT  BEBE ABRICOCT DES 4/6 M. 6*60g","OTHERS","NEEDS CATEGORY REVIEW",yes,0,no
1688,"","NESTLE DESSERT  BEBE BANANE DES 4/6 M. 6*60g","OTHERS","NEEDS CATEGORY REVIEW",yes,0,no
1687,"","NESTLE DESSERT  FRUIT EXOTIQUE 8 MOIS 4*100G","OTHERS","NEEDS CATEGORY REVIEW",yes,0,no
1690,"","NESTLE DESSERT BEBE FRUIT ROUGE 6M+, 4*100G","OTHERS","NEEDS CATEGORY REVIEW",yes,0,no
1917,"","NESTLE JUNIOR 1+( 2*350G)","OTHERS","NEEDS CATEGORY REVIEW",yes,5,no
1918,"","NESTLE JUNIOR 2+( 2*350G)","OTHERS","NEEDS CATEGORY REVIEW",yes,5,no
1691,"","NESTLE P'TIT ONCTUEUX POMME 6M+, 4*100G","OTHERS","NEEDS CATEGORY REVIEW",yes,0,no
1686,"","NESTLE PT BRASSE FRAISE 6 MOIS 4*100G","OTHERS","NEEDS CATEGORY REVIEW",yes,0,no
1650,"","NEUROMIND","OTHERS","NEEDS CATEGORY REVIEW",yes,0,no
1651,"","NEUROMIND PLUS DHA","OTHERS","NEEDS CATEGORY REVIEW",yes,0,no
1406,"","NEW T-STRAP MASSAGE SLIPPERS FOR LADIES","OTHERS","NEEDS CATEGORY REVIEW",yes,0,no
1521,"","NIDO KIDS 3-5 YRS 400G","OTHERS","NEEDS CATEGORY REVIEW",yes,60,no
1349,"","NIPPLE CORRECTOR","OTHERS","NEEDS CATEGORY REVIEW",yes,0,no
1204,"","NIVEA CRÈME POUR LES MAINS ALOE VERRA 100 ML","OTHERS","NEEDS CATEGORY REVIEW",yes,6,no
1487,"","NOM DU PRODUITS","OTHERS","NEEDS CATEGORY REVIEW",no,0,no
1380,"","NOVEMBER","OTHERS","NEEDS CATEGORY REVIEW",no,0,no
1272,"","NUK FIRST CHOICE SILICONE TEAT 0-6 M MEDIUM","OTHERS","NEEDS CATEGORY REVIEW",yes,0,no
1633,"","NUMBER","OTHERS","NEEDS CATEGORY REVIEW",no,0,no
1388,"","Natasha Ladies Slippers/Flip-Flops V.5 Massage/Acupressure Slippers","OTHERS","NEEDS CATEGORY REVIEW",yes,0,no
1386,"","Natasha Wendy Ladies Slipper Therapeutic Footbed Slip-Ons EVA NLS","OTHERS","NEEDS CATEGORY REVIEW",yes,0,no
1399,"","New men and women home bathroom non-slip soft bottom indoor hotel couple massage slippers","OTHERS","NEEDS CATEGORY REVIEW",yes,0,no
1397,"","New style Ladies Home Outdoor Slippers ultra thin massage style for women sliper","OTHERS","NEEDS CATEGORY REVIEW",yes,0,no
1767,"","Nivea Sunscreen – Face F50 50 ml","OTHERS","NEEDS CATEGORY REVIEW",yes,0,no
1797,"","OB  EXTRA PROTECT NORMAL 16""S","OTHERS","NEEDS CATEGORY REVIEW",yes,0,no
1798,"","OB EXTRA PROTECT  SUPER  16""S","OTHERS","NEEDS CATEGORY REVIEW",yes,0,no
1379,"","OCTOBER","OTHERS","NEEDS CATEGORY REVIEW",no,0,no
1749,"","ODOREX  EXTRA DRY CRÈME STICK 40ML","OTHERS","NEEDS CATEGORY REVIEW",yes,12,no
1750,"","ODOREX  EXTRA DRY DROPPER 50ML","OTHERS","NEEDS CATEGORY REVIEW",yes,12,no
1755,"","ODOREX DEO ETRA DRY LOTION 50ML","OTHERS","NEEDS CATEGORY REVIEW",yes,0,no
1757,"","ODOREX DEO SPRAY MEN DRY PROTECT 150ML","OTHERS","NEEDS CATEGORY REVIEW",yes,0,no
1748,"","ODOREX SENSITIVE SKIN DEO 50ML 48H","OTHERS","NEEDS CATEGORY REVIEW",yes,12,no
1436,"","OPTIMUM NUTRITION CASEIN NATURALLY FLAVORED GOLD STANDARD 100%(Slow-Digesting Protein for Overnight Muscle Recover)","OTHERS","NEEDS CATEGORY REVIEW",yes,12,no
1441,"","OPTIMUM NUTRITION GOLD STANDARD GAINER(Protein & Carb Muscle Recovery Formula)","OTHERS","NEEDS CATEGORY REVIEW",yes,36,no
1438,"","OPTIMUM NUTRITION ISOLATE GOLD STANDARD 100% ISOLATE","OTHERS","NEEDS CATEGORY REVIEW",yes,12,no
1435,"","OPTIMUM NUTRITION PROTEIN WAFERS(Light & Airy Snack for Post-Workout Muscle Recovery)","OTHERS","NEEDS CATEGORY REVIEW",yes,36,no
1930,"","ORBIT CHEWING GUM  SPEARMINT 46 PELLETS","OTHERS","NEEDS CATEGORY REVIEW",yes,5,no
1932,"","ORBIT CHEWING GUM WHITE BUBBLEMINT 46 PELLETS","OTHERS","NEEDS CATEGORY REVIEW",yes,5,no
1928,"","ORBIT CHEWING GUM WHITE FRESHMINT 10 PELLETS","OTHERS","NEEDS CATEGORY REVIEW",yes,5,no
1931,"","ORBIT CHEWING GUM WHITE FRESHMINT 46 PELLETS","OTHERS","NEEDS CATEGORY REVIEW",yes,5,no
1929,"","ORBIT CHEWING GUM WHITE SPEARMINT 10 PELLETS","OTHERS","NEEDS CATEGORY REVIEW",yes,5,no
1927,"","ORBIT CHEWING GUM WHITE STRAWBERRY 10 PELLETS","OTHERS","NEEDS CATEGORY REVIEW",yes,5,no
1775,"","ORGASM SLOWING GEL-BULLPOWER 30ML","OTHERS","NEEDS CATEGORY REVIEW",yes,12,no
1773,"","ORGASM SLOWING-STUDY DELAY SPRAY 15ML","OTHERS","NEEDS CATEGORY REVIEW",yes,12,no
1346,"","ORS KIDS ORGANICS HAIR PRODUCTS","OTHERS","NEEDS CATEGORY REVIEW",yes,0,no
1652,"","OSTEOCARE","OTHERS","NEEDS CATEGORY REVIEW",yes,0,no
1653,"","OSTEOCARE CHEWABLE","OTHERS","NEEDS CATEGORY REVIEW",yes,0,no
1270,"","OTHER HEAALTHCARE PRODUCTS","OTHERS","NEEDS CATEGORY REVIEW",yes,0,no
1198,"","PASTILLE POUR LA TOUX ROSHEN 400G","OTHERS","NEEDS CATEGORY REVIEW",yes,36,no
1167,"","PASTILLES EFFERVESCENTES PR APPAREIL DENTAIRE","OTHERS","NEEDS CATEGORY REVIEW",yes,6,no
1774,"","PENIMAX ORGASM SLOWING PENIS GEL 50ML","OTHERS","NEEDS CATEGORY REVIEW",yes,12,no
1173,"","PENSEMENT POUR DOIGHTS RESISTANT A L'EAU 22","OTHERS","NEEDS CATEGORY REVIEW",yes,6,no
1268,"","PERFETTI VAN MELLE /MENTOS","OTHERS","NEEDS CATEGORY REVIEW",yes,0,no
1434,"","PERFORMANCE WHEY","OTHERS","NEEDS CATEGORY REVIEW",yes,24,no
1153,"","PHILIPS AVENT ADVANCED SUPER FAST MILK AND FOOD WARMER","OTHERS","NEEDS CATEGORY REVIEW",yes,0,no
1151,"","PHILIPS AVENT ANTI-COLIC NIPPLE, 2 PACK, FLOW RATE NIPPLE FOR NEWBORN (SHRINK WRAP)","OTHERS","NEEDS CATEGORY REVIEW",yes,0,no
1673,"","PLASTIC CUTLERY (SPOON,FORK,KNIFE) BLUE 15 SET","OTHERS","NEEDS CATEGORY REVIEW",yes,120,no
1605,"","PONDS REJUVENESS ANTI-WRINKLE CREAM 50ML","OTHERS","NEEDS CATEGORY REVIEW",yes,60,no
1604,"","PONDS REJUVENESS ANTI-WRINKLE CREAM SPF-30 50ML","OTHERS","NEEDS CATEGORY REVIEW",yes,12,no
1603,"","PONDS REJUVENESS LIFTING&BRIGHTENING EYE CREAM","OTHERS","NEEDS CATEGORY REVIEW",yes,12,no
1716,"","PR FRANCOISE BEDON CAROTTE  PARIS 500ML","OTHERS","NEEDS CATEGORY REVIEW",yes,0,no
1721,"","PR FRANCOISE BEDON CAVIAR PARIS 500ML","OTHERS","NEEDS CATEGORY REVIEW",yes,0,no
1715,"","PR FRANCOISE BEDON ENERGIE  PARIS 500ML","OTHERS","NEEDS CATEGORY REVIEW",yes,0,no
1719,"","PR FRANCOISE BEDON EXCELLENCE  PARIS 500ML","OTHERS","NEEDS CATEGORY REVIEW",yes,0,no
1723,"","PR FRANCOISE BEDON GEL NETTOYANT BEBE 1000ML","OTHERS","NEEDS CATEGORY REVIEW",yes,0,no
1722,"","PR FRANCOISE BEDON GLYCERINE PRESTIGE PARIS 500ML","OTHERS","NEEDS CATEGORY REVIEW",yes,0,no
1720,"","PR FRANCOISE BEDON LUXE ANTI-AGE PARIS 500ML","OTHERS","NEEDS CATEGORY REVIEW",yes,0,no
1714,"","PR FRANCOISE BEDON PUISSANCE  PARIS 500ML","OTHERS","NEEDS CATEGORY REVIEW",yes,0,no
1718,"","PR FRANCOISE BEDON SUPREME ARGAN  PARIS 500ML","OTHERS","NEEDS CATEGORY REVIEW",yes,0,no
1704,"","PRAN BASMATI RICE 20KG","OTHERS","NEEDS CATEGORY REVIEW",yes,0,no
1259,"","PRAN BEEF  NOODLES B/5","OTHERS","NEEDS CATEGORY REVIEW",yes,0,no
1258,"","PRAN CHICKEN  NOODLES B/5","OTHERS","NEEDS CATEGORY REVIEW",yes,0,no
1706,"","PRAN MACARONI 200G","OTHERS","NEEDS CATEGORY REVIEW",yes,0,no
1701,"","PRAN NOODLES CHICKEN  10 PACK","OTHERS","NEEDS CATEGORY REVIEW",yes,0,no
1702,"","PRAN NOODLES CHICKEN FLAVOURS 10 PACK","OTHERS","NEEDS CATEGORY REVIEW",yes,0,no
1700,"","PRAN NOODLES VEGETABLES FLAVOURS 10 PACK","OTHERS","NEEDS CATEGORY REVIEW",yes,0,no
1257,"","PRAN VEGETABLES NOODLES PACK OF 5","OTHERS","NEEDS CATEGORY REVIEW",yes,0,no
1450,"","PRE-NAN 400G","OTHERS","NEEDS CATEGORY REVIEW",yes,60,no
1654,"","PREGNACARE","OTHERS","NEEDS CATEGORY REVIEW",yes,0,no
1656,"","PREGNACARE CONCEPTION MAX","OTHERS","NEEDS CATEGORY REVIEW",yes,0,no
1655,"","PREGNACARE HIM&HER CONCEPTION","OTHERS","NEEDS CATEGORY REVIEW",yes,0,no
1657,"","PREGNACARE STRECH MARK CREAM","OTHERS","NEEDS CATEGORY REVIEW",yes,0,no
1658,"","PREGNACARE STRECH MARK LOTION","OTHERS","NEEDS CATEGORY REVIEW",yes,0,no
1340,"","PRODUCTS NAMES","OTHERS","NEEDS CATEGORY REVIEW",no,0,no
1727,"","QEI+ EXTREME SHINE CARROTTE 500ML","OTHERS","NEEDS CATEGORY REVIEW",yes,0,no
1728,"","QEI+ EXTREME SHINE GOLD 500ML","OTHERS","NEEDS CATEGORY REVIEW",yes,0,no
1729,"","QEI+ PARIS EFFICACITE EXTREME LAIT CORP 500ML","OTHERS","NEEDS CATEGORY REVIEW",yes,0,no
1731,"","QEI+ SAVON EXTREME DOUCEUR BEBE BEBE","OTHERS","NEEDS CATEGORY REVIEW",yes,0,no
1523,"","QUAKER BABY 3 CEREALS 200G","OTHERS","NEEDS CATEGORY REVIEW",yes,60,no
1524,"","QUAKER OAT 1KG","OTHERS","NEEDS CATEGORY REVIEW",yes,60,no
1256,"","QUAKER WHITE OATS 500G","OTHERS","NEEDS CATEGORY REVIEW",yes,0,no
1550,"","QUIET MIND","OTHERS","NEEDS CATEGORY REVIEW",yes,120,no
1265,"","RECKITT BENCKISER HEALTHCARE PRODUCTS","OTHERS","NEEDS CATEGORY REVIEW",yes,0,no
1922,"","ROSHEN HARD CANDY EUCALYPTUS-MENTHOL 200G","OTHERS","NEEDS CATEGORY REVIEW",yes,3,no
1416,"","SAVON","OTHERS","NEEDS CATEGORY REVIEW",yes,0,no
1418,"","SAVON DOVE SENSITIVE HYPOALLERGÉNIQUE POUR PEAUX SENSIBLES (4X90G)","OTHERS","NEEDS CATEGORY REVIEW",yes,240,no
1187,"","SCALE WITH MEDISANA BODY ANALYSIS","OTHERS","NEEDS CATEGORY REVIEW",yes,0,no
1222,"","SCISSOR SET 3PACK","OTHERS","NEEDS CATEGORY REVIEW",yes,24,no
1205,"","SENSODYNE ANTI-CARIES","OTHERS","NEEDS CATEGORY REVIEW",yes,0,no
1378,"","SEPTEMBER","OTHERS","NEEDS CATEGORY REVIEW",no,0,no
1361,"","SET NATURAL FEELING SMALL","OTHERS","NEEDS CATEGORY REVIEW",yes,0,no
1362,"","SET NATURALFEELING LARGE","OTHERS","NEEDS CATEGORY REVIEW",yes,0,no
1407,"","SHOES INDOOR RUBBER SLIPPER (WITH MASSAGE DOTS) FOR WOMEN","OTHERS","NEEDS CATEGORY REVIEW",yes,0,no
1223,"","SILVERGEAR BLOODPRESSURE MONITOR 99*2 MEMORY SLOTS (4*AAA)","OTHERS","NEEDS CATEGORY REVIEW",yes,6,no
1661,"","SLEEPNITE","OTHERS","NEEDS CATEGORY REVIEW",yes,0,no
1662,"","SLEEPNITE VALERIAN TABLETS","OTHERS","NEEDS CATEGORY REVIEW",yes,0,no
1191,"","SLIVERGREAR MASSAGE GUN WITH  BRUSHES","OTHERS","NEEDS CATEGORY REVIEW",yes,0,no
1881,"","SMOKEBLOCK B/60","OTHERS","NEEDS CATEGORY REVIEW",yes,24,no
1879,"","SMOOTH PUSSY 50ML","OTHERS","NEEDS CATEGORY REVIEW",yes,36,no
1207,"","SOFT TOUCH COLD WAX STRIPS B/52","OTHERS","NEEDS CATEGORY REVIEW",yes,0,no
1208,"","SOFT TOUCH HAIR REMOVAL CREAM B/150ML","OTHERS","NEEDS CATEGORY REVIEW",yes,0,no
1424,"","SOIN VISAGE","OTHERS","NEEDS CATEGORY REVIEW",yes,0,no
1368,"","SOOTHER COMFORT BLUE LUMI 16-36M 1PC C","OTHERS","NEEDS CATEGORY REVIEW",yes,0,no
1366,"","SOOTHER COMFORT BLUE SIL 6-16M 1PC","OTHERS","NEEDS CATEGORY REVIEW",yes,0,no
1367,"","SOOTHER COMFORT PINK  LUM  16-36M 1PC C","OTHERS","NEEDS CATEGORY REVIEW",yes,0,no
1365,"","SOOTHER COMFORT PINK SIL 6-16M 1PC","OTHERS","NEEDS CATEGORY REVIEW",yes,0,no
1364,"","SOOTHER PH.COMFORT BLUE SIL 0-6M 1PC C","OTHERS","NEEDS CATEGORY REVIEW",yes,0,no
1363,"","SOOTHER PH.COMFORT PINK SIL 0-6M 1PC C","OTHERS","NEEDS CATEGORY REVIEW",yes,0,no
1227,"","SPILBERGEN TRAVEL CASE 7 PACK","OTHERS","NEEDS CATEGORY REVIEW",yes,100,no
1169,"","SPRAY ANTI-INSECTES APRES PIQURE 100ML","OTHERS","NEEDS CATEGORY REVIEW",yes,6,no
1188,"","SPRAY POUR LUNETTES ANTI-BOUEES ET NETTOYANT","OTHERS","NEEDS CATEGORY REVIEW",yes,6,no
1877,"","STAR WHITE DARK SPOT 50ML","OTHERS","NEEDS CATEGORY REVIEW",yes,24,no
1785,"","STAY HARD DELAY SPRAY PEN","OTHERS","NEEDS CATEGORY REVIEW",yes,12,no
1786,"","STAY UP CREAM 40ML","OTHERS","NEEDS CATEGORY REVIEW",yes,12,no
1607,"","STUDIO FIX POWDER PLUS FOUNDATION NC 45","OTHERS","NEEDS CATEGORY REVIEW",yes,0,no
1787,"","SUPER PENIS CREAM 75ML","OTHERS","NEEDS CATEGORY REVIEW",yes,12,no
1423,"","SUPERCLAIR SAVON DE MARSEILLE (5x100G) FR","OTHERS","NEEDS CATEGORY REVIEW",yes,24,no
1390,"","Specifications of mens tabata slippers","OTHERS","NEEDS CATEGORY REVIEW",yes,0,no
1862,"","TA-G RECEDE BEE VENOM REPAIR SPRAY","OTHERS","NEEDS CATEGORY REVIEW",yes,60,no
1359,"","TEAT NATURALFEELING 0M+ F REGULAR","OTHERS","NEEDS CATEGORY REVIEW",yes,0,no
1356,"","TEATS PERFECT 5 0M+ SLOW SIL 2 PCS","OTHERS","NEEDS CATEGORY REVIEW",yes,0,no
1357,"","TEATS PERFECT 5 2M+ MEDIUM SIL 2 PCS","OTHERS","NEEDS CATEGORY REVIEW",yes,0,no
1358,"","TEATS PERFECT 5 6M+ FOOD SIL 2 PCS","OTHERS","NEEDS CATEGORY REVIEW",yes,0,no
1679,"","THERMOFECT HOT&COLD COMPRESS 19*12CM","OTHERS","NEEDS CATEGORY REVIEW",yes,60,no
1923,"","TIC TAC MINT 18G","OTHERS","NEEDS CATEGORY REVIEW",yes,5,no
1924,"","TIC TAC ORANGE 18G","OTHERS","NEEDS CATEGORY REVIEW",yes,5,no
1334,"","TOPICREM SUN PROTECT MOISTURIZING SUN MILK SPF 50+","OTHERS","NEEDS CATEGORY REVIEW",yes,0,no
1333,"","TOPICREME MELA UNIFYING EXFOLIATING BAR 150G","OTHERS","NEEDS CATEGORY REVIEW",yes,0,no
1948,"","TPE1003B","OTHERS","NEEDS CATEGORY REVIEW",yes,0,no
1549,"","TWININGS BALANCE","OTHERS","NEEDS CATEGORY REVIEW",yes,120,no
1546,"","TWININGS BOOST","OTHERS","NEEDS CATEGORY REVIEW",yes,120,no
1557,"","TWININGS CALM","OTHERS","NEEDS CATEGORY REVIEW",yes,120,no
1543,"","TWININGS CAMOMILE&GRAPEFUIT","OTHERS","NEEDS CATEGORY REVIEW",yes,120,no
1571,"","TWININGS CAMOMILLE HONEY","OTHERS","NEEDS CATEGORY REVIEW",yes,120,no
1576,"","TWININGS CLEANSE MATCHA","OTHERS","NEEDS CATEGORY REVIEW",yes,120,no
1555,"","TWININGS DEFENCE","OTHERS","NEEDS CATEGORY REVIEW",yes,120,no
1556,"","TWININGS DETOX","OTHERS","NEEDS CATEGORY REVIEW",yes,120,no
1539,"","TWININGS FENNEL&LEMON ZEST","OTHERS","NEEDS CATEGORY REVIEW",yes,120,no
1547,"","TWININGS FOCUS","OTHERS","NEEDS CATEGORY REVIEW",yes,120,no
1561,"","TWININGS GINGER GREEN TEA","OTHERS","NEEDS CATEGORY REVIEW",yes,120,no
1548,"","TWININGS GLOW","OTHERS","NEEDS CATEGORY REVIEW",yes,120,no
1538,"","TWININGS GREEN TEA&BLACK TEA","OTHERS","NEEDS CATEGORY REVIEW",yes,120,no
1578,"","TWININGS HEARTEA","OTHERS","NEEDS CATEGORY REVIEW",yes,120,no
1566,"","TWININGS INNER CLARITY PEACE","OTHERS","NEEDS CATEGORY REVIEW",yes,120,no
1565,"","TWININGS INNER CLARITY TEA","OTHERS","NEEDS CATEGORY REVIEW",yes,120,no
1563,"","TWININGS JASMINE GREEN TEA","OTHERS","NEEDS CATEGORY REVIEW",yes,120,no
1569,"","TWININGS LEMON GINGER","OTHERS","NEEDS CATEGORY REVIEW",yes,120,no
1560,"","TWININGS LEMON GINGER TEA","OTHERS","NEEDS CATEGORY REVIEW",yes,120,no
1540,"","TWININGS LEMON GREEN TEA","OTHERS","NEEDS CATEGORY REVIEW",yes,120,no
1577,"","TWININGS MATACH","OTHERS","NEEDS CATEGORY REVIEW",yes,120,no
1575,"","TWININGS MENOPAUSE","OTHERS","NEEDS CATEGORY REVIEW",yes,120,no
1554,"","TWININGS METABOLISM","OTHERS","NEEDS CATEGORY REVIEW",yes,120,no
1552,"","TWININGS PAUSE","OTHERS","NEEDS CATEGORY REVIEW",yes,120,no
1551,"","TWININGS PEACE","OTHERS","NEEDS CATEGORY REVIEW",yes,120,no
1568,"","TWININGS PURE CAMOMILE","OTHERS","NEEDS CATEGORY REVIEW",yes,120,no
1541,"","TWININGS PURE GREEN TEA","OTHERS","NEEDS CATEGORY REVIEW",yes,120,no
1572,"","TWININGS PURE PEPPERMINT","OTHERS","NEEDS CATEGORY REVIEW",yes,120,no
1542,"","TWININGS ROOIBOS&HONEY","OTHERS","NEEDS CATEGORY REVIEW",yes,120,no
1570,"","TWININGS SPICY CHAI","OTHERS","NEEDS CATEGORY REVIEW",yes,120,no
1567,"","TWININGS STRENGTH","OTHERS","NEEDS CATEGORY REVIEW",yes,120,no
1574,"","TWININGS SUPER GREEN MATCHA","OTHERS","NEEDS CATEGORY REVIEW",yes,120,no
1573,"","TWININGS SWEET DREAMS","OTHERS","NEEDS CATEGORY REVIEW",yes,120,no
1553,"","TWININGS TURMERIC","OTHERS","NEEDS CATEGORY REVIEW",yes,120,no
1559,"","TWININGS VITALITY","OTHERS","NEEDS CATEGORY REVIEW",yes,120,no
1537,"","TWININGS WELLBEING","OTHERS","NEEDS CATEGORY REVIEW",yes,120,no
1536,"","TWININGS WIND DOWN","OTHERS","NEEDS CATEGORY REVIEW",yes,120,no
1562,"","TWINNINGS APPLE PEAR GREEN TEA","OTHERS","NEEDS CATEGORY REVIEW",yes,120,no
1392,"","Tabata Krista Tusok-tusok (ipt) Original/Authentic","OTHERS","NEEDS CATEGORY REVIEW",yes,0,no
1387,"","Tabata by Otto 10800233 Gaspar Accu-Reflex Massage Sandals","OTHERS","NEEDS CATEGORY REVIEW",yes,0,no
1385,"","Tabata by Otto 18800023 Mens Reflex Massage Sandals in Black, Brown and Gray","OTHERS","NEEDS CATEGORY REVIEW",yes,0,no
1389,"","Tabata by Otto 20800783 Reflex Massage Sandals","OTHERS","NEEDS CATEGORY REVIEW",yes,0,no
1339,"","UPDATED ON: 13th, AUGUST, 2024","OTHERS","NEEDS CATEGORY REVIEW",no,0,no
1869,"","URIAGE  HUILE LAVANTE BEBE 500ML","OTHERS","NEEDS CATEGORY REVIEW",yes,0,no
1872,"","URIAGE CRÈME MAINS REPARATRICE 50ML","OTHERS","NEEDS CATEGORY REVIEW",yes,0,no
1873,"","URIAGE EAU THERMALE LAIT VELUTEE 500ML","OTHERS","NEEDS CATEGORY REVIEW",yes,0,no
1871,"","URIAGE XEMOSE BAUME OLEO-APAISANT ANTI-IRRITATION 400ML","OTHERS","NEEDS CATEGORY REVIEW",yes,0,no
1870,"","URIAGE XEMOSE CRÈME RELIPIDANT ANTI-IRRITATION 400ML","OTHERS","NEEDS CATEGORY REVIEW",yes,0,no
1868,"","URIAGE XEMOSE HUILE LAVANTE 1L","OTHERS","NEEDS CATEGORY REVIEW",yes,0,no
1393,"","Ultralite Rlex Fashion And High Quality Indoor Outdoor Slip On Massage Slippers For Men","OTHERS","NEEDS CATEGORY REVIEW",yes,0,no
1402,"","Ultralite Speedy Fashion Indoor Outdoor Slip On Massage Slippers For Men (W182)","OTHERS","NEEDS CATEGORY REVIEW",yes,0,no
1394,"","Ultralite Swift Fashion Indoor Outdoor Slip On Massage Slippers For Women (W242)","OTHERS","NEEDS CATEGORY REVIEW",yes,0,no
1344,"","V. ECO GELS","OTHERS","NEEDS CATEGORY REVIEW",yes,0,no
1760,"","VEET BIKINI BANDE DE STRIPS 16 PIECES","OTHERS","NEEDS CATEGORY REVIEW",yes,0,no
1801,"","VEET CRÈME DEPIRATOIRE PEAU SENSIBLE 100ML","OTHERS","NEEDS CATEGORY REVIEW",yes,0,no
1802,"","VEET CRÈME DEPIRATOIRE SOUS LA DOUCHE  P. SENS 150ML","OTHERS","NEEDS CATEGORY REVIEW",yes,0,no
1803,"","VEET MEN CRÈME DEPIRATOIRE PEAU SENS. 150ML","OTHERS","NEEDS CATEGORY REVIEW",yes,0,no
1530,"","VEET MEN HAIR REMOVAL 200ML","OTHERS","NEEDS CATEGORY REVIEW",yes,120,no
1266,"","VEET MEN SENSITIVE  SKIN HAIR REMOVAL 50ML","OTHERS","NEEDS CATEGORY REVIEW",yes,0,no
1520,"","VEET MINIMA PEAU NORMAL 200ML","OTHERS","NEEDS CATEGORY REVIEW",yes,0,no
1531,"","VEET PURE HAIR REMOVAL 100ML","OTHERS","NEEDS CATEGORY REVIEW",yes,120,no
1776,"","VIACREAM STIMULATING GEL MAN 30ML","OTHERS","NEEDS CATEGORY REVIEW",yes,12,no
1884,"","VIAGEL 30ML","OTHERS","NEEDS CATEGORY REVIEW",yes,60,no
1263,"","VICKS COUGH DROPS LOZENGES DROPS B/305","OTHERS","NEEDS CATEGORY REVIEW",yes,0,no
1345,"","VIII. DREAM KIDS HAIR PRODUCTS","OTHERS","NEEDS CATEGORY REVIEW",yes,0,no
1664,"","VISIONACE MAX","OTHERS","NEEDS CATEGORY REVIEW",yes,0,no
1507,"","VITABIOTIC EFF TABLETS 20'S","OTHERS","NEEDS CATEGORY REVIEW",yes,12,no
1671,"","VITABIOTICS ULTRA GINKGO&GINSENG","OTHERS","NEEDS CATEGORY REVIEW",yes,0,no
1772,"","VOLUME SPERM DROPS-30ML","OTHERS","NEEDS CATEGORY REVIEW",yes,12,no
1665,"","WELLKID","OTHERS","NEEDS CATEGORY REVIEW",yes,0,no
1666,"","WELLKIDS IMMUNE 4-12 YRS","OTHERS","NEEDS CATEGORY REVIEW",yes,0,no
1667,"","WELLMAN","OTHERS","NEEDS CATEGORY REVIEW",yes,0,no
1668,"","WELLMAN CONCEPTION","OTHERS","NEEDS CATEGORY REVIEW",yes,0,no
1669,"","WELLMAN PROSTACE","OTHERS","NEEDS CATEGORY REVIEW",yes,0,no
1670,"","WELLMAN SPORT","OTHERS","NEEDS CATEGORY REVIEW",yes,0,no
1886,"","X EXTREME DELAY GEL 50ML","OTHERS","NEEDS CATEGORY REVIEW",yes,36,no
1783,"","XTRA DELIGHT STIMULANT 30ML","OTHERS","NEEDS CATEGORY REVIEW",yes,12,no
1807,"","Y FOR MEN 60ML","OTHERS","NEEDS CATEGORY REVIEW",yes,6,no
1737,"","YVES ROCHER LAIT APAISANT HAMAMELIS 400ML","OTHERS","NEEDS CATEGORY REVIEW",yes,0,no
1739,"","YVES ROCHER LAIT CORP SENSUEL AU NOIX DE CACAO 400ML","OTHERS","NEEDS CATEGORY REVIEW",yes,0,no
1738,"","YVES ROCHER LAIT REPARATEUR AU BEURRE DE KARITE 400ML","OTHERS","NEEDS CATEGORY REVIEW",yes,0,no
1743,"","ZWITSAL POT 200ML","OTHERS","NEEDS CATEGORY REVIEW",yes,0,no
1296,"","[object Object]","OTHERS","NEEDS CATEGORY REVIEW",yes,0,no
1865,"","carpe Face sweat abosrbing lasting matte","OTHERS","NEEDS CATEGORY REVIEW",yes,2,no
1866,"","carpe Face sweat abosrbing mineral powder","OTHERS","NEEDS CATEGORY REVIEW",yes,2,no
1398,"","new Fashionable massage slippers for mens nice soft and perfect combination of colors very unique","OTHERS","NEEDS CATEGORY REVIEW",yes,0,no
1404,"","nisex Spako Massage Healthy Eva Ultra Light Slipper I Tapak Seed Massage Slippers For Women Lightweight Sarong","OTHERS","NEEDS CATEGORY REVIEW",yes,0,no
1391,"","tabata slippers for mens","OTHERS","NEEDS CATEGORY REVIEW",yes,0,no
1331,"","AXITRANS MEN DEODORANT STOP SWEAT 24H","PERSONAL CARE & HYGIENICS","PERSONAL CARE & HYGIENICS",yes,0,no
1330,"","AXITRANS SWEAT DEFENCE, BODY SHOWER GEL 200 ML","PERSONAL CARE & HYGIENICS","PERSONAL CARE & HYGIENICS",yes,0,no
1332,"","AXITRANS WOMEN DEODORANT STOP SWEAT 24H","PERSONAL CARE & HYGIENICS","PERSONAL CARE & HYGIENICS",yes,0,no
1246,"","BLUE WANDER HYGIENIC WIPES 72 PCS","PERSONAL CARE & HYGIENICS","PERSONAL CARE & HYGIENICS",yes,0,no
1373,"","BM BODY WASH AND SHAMPOO 750ML","PERSONAL CARE & HYGIENICS","PERSONAL CARE & HYGIENICS",yes,0,no
1374,"","BM GENTLE BODY WASH AND SHAMPOO 500ML","PERSONAL CARE & HYGIENICS","PERSONAL CARE & HYGIENICS",yes,0,no
1371,"","CHICCO WIPES 72 PCS WITH FLIP COVER","PERSONAL CARE & HYGIENICS","PERSONAL CARE & HYGIENICS",yes,0,no
1372,"","CHICCO WIPES 72 PCS WITHOUT FLIP COVER","PERSONAL CARE & HYGIENICS","PERSONAL CARE & HYGIENICS",yes,0,no
1864,"","Carpe Face Antiperspirant, Face Sweat Blocker","PERSONAL CARE & HYGIENICS","PERSONAL CARE & HYGIENICS",yes,6,no
1744,"","DOVE GENTLE EXFOLIATING BAR SOAP 4*100G","PERSONAL CARE & HYGIENICS","PERSONAL CARE & HYGIENICS",yes,0,no
1859,"","GOLDBOND DIABETIC BODY LOTION 13 Oz","PERSONAL CARE & HYGIENICS","PERSONAL CARE & HYGIENICS",yes,12,no
1745,"","LACTACYD FEMININE WIPES 15 PCS","PERSONAL CARE & HYGIENICS","PERSONAL CARE & HYGIENICS",yes,12,no
1192,"","LINGETTES LUNETTES B/50","PERSONAL CARE & HYGIENICS","PERSONAL CARE & HYGIENICS",yes,60,no
1401,"","Massage slippers men and women home indoor non-slip deodorant acupuncture points with prickly","PERSONAL CARE & HYGIENICS","PERSONAL CARE & HYGIENICS",yes,0,no
1863,"","MrCuvaryas Face Antiperspirant, Face Sweat Blocker","PERSONAL CARE & HYGIENICS","PERSONAL CARE & HYGIENICS",yes,6,no
1758,"","NIVEA FACE WIPES 25 PIECES","PERSONAL CARE & HYGIENICS","PERSONAL CARE & HYGIENICS",yes,0,no
1759,"","NIVEA Q10 BODY LOTION 400ML","PERSONAL CARE & HYGIENICS","PERSONAL CARE & HYGIENICS",yes,0,no
1756,"","ODOREX DEODORANT EXTRA DRY POMPSPRAY 30ML","PERSONAL CARE & HYGIENICS","PERSONAL CARE & HYGIENICS",yes,0,no
1247,"","SHOE DEODORANT SPRAY 200ML","PERSONAL CARE & HYGIENICS","PERSONAL CARE & HYGIENICS",yes,0,no
1472,"","SPARGO MOIST TOILET CLEANING WIPES 40 pcs (17*22 cm)","PERSONAL CARE & HYGIENICS","PERSONAL CARE & HYGIENICS",yes,0,no
1742,"","ZWITSAL BODY LOTION 200ML","PERSONAL CARE & HYGIENICS","PERSONAL CARE & HYGIENICS",yes,0,no
1491,"","DUREX CONDOMS PERFECT CONNECTION B/10","SEXUAL HEALTH & ACCESSORIES PRODUCTS","SEXUAL HEALTH & ACCESSORIES PRODUCTS",yes,0,no
1769,"","DUREX EXTRA-SOFT SENSITIVE CONDOMS","SEXUAL HEALTH & ACCESSORIES PRODUCTS","SEXUAL HEALTH & ACCESSORIES PRODUCTS",yes,12,no
1770,"","DUREX NATURAL(BASIC) CONDOMS 144PIECES","SEXUAL HEALTH & ACCESSORIES PRODUCTS","SEXUAL HEALTH & ACCESSORIES PRODUCTS",yes,12,no
1889,"","LUCIFIERS FIRE SEXUAL AROUSAL CAPS B/12","SEXUAL HEALTH & ACCESSORIES PRODUCTS","SEXUAL HEALTH & ACCESSORIES PRODUCTS",yes,36,no
1195,"","NYOY CLASSIC CONDOMS B/16","SEXUAL HEALTH & ACCESSORIES PRODUCTS","SEXUAL HEALTH & ACCESSORIES PRODUCTS",yes,0,no
1196,"","NYOY WATER-BASED LUBRICANT 100ML","SEXUAL HEALTH & ACCESSORIES PRODUCTS","SEXUAL HEALTH & ACCESSORIES PRODUCTS",yes,0,no
1611,"","TROJAN CONDOM 3/ PACK ALL QUALITY","SEXUAL HEALTH & ACCESSORIES PRODUCTS","SEXUAL HEALTH & ACCESSORIES PRODUCTS",yes,0,no